'id_car_option','name','id_parent','date_create','date_update','id_car_type'
'1','Komfort',NULL,'1464484023','1518975461','1'
'2','Wspomaganie kierownicy','1','1464484023','1518975461','1'
'3','Regulacja kolumny kierownicy kąt nachylenia','1','1464484023','1518975461','1'
'4','Regulacja kolumny kierowniczej do startu','1','1464484023','1518975461','1'
'5','Czujniki deszczu i światła','1','1464484023','1518975461','1'
'6','Spryskiwacze reflektorów','1','1464484023','1518975461','1'
'7','Napęd tylnych szyb','1','1464484023','1518975461','1'
'9','Układ bocznych lusterek','1','1464484023','1518975461','1'
'11','Klimat i ogrzewanie',NULL,'1464484023','1518975461','1'
'12','Klimat kontrola','11','1464484023','1518975461','1'
'13','Ogrzewanie przedniej szyby','11','1464484023','1518975461','1'
'14','Ogrzewanie lusterek','11','1464484023','1518975461','1'
'15','Ogrzewanie przednich foteli','11','1464484023','1518975461','1'
'16','Chłodzony schowek w desce rozdzielczej','11','1464484023','1518975461','1'
'17','Multimedia',NULL,'1464484023','1518975461','1'
'18','Komputer pokładowy','17','1464484023','1518975461','1'
'19','Sterowanie systemem audio na kierownicy','17','1464484023','1518975461','1'
'20','6 głośników','17','1464484023','1518975461','1'
'21','Odtwarzacz CD','17','1464484023','1518975461','1'
'22','Obsługa MP3','17','1464484023','1518975461','1'
'23','Systemy alarmowe',NULL,'1464484023','1518975461','1'
'25','Immobilizer','23','1464484023','1518975461','1'
'26','Bezpieczeństwo bierne',NULL,'1464484023','1518975461','1'
'27','Poduszki powietrzne kierowcy','26','1464484023','1518975462','1'
'28','Poduszki bezpieczeństwa pasażera','26','1464484023','1518975462','1'
'29','Poduszki powietrzne boczne przednie','26','1464484023','1518975463','1'
'30','Typ poduszki kurtyny','26','1464484023','1518975289','1'
'31','Mocowanie do fotelika dziecięcego ISOFIX','26','1464484023','1518975463','1'
'32','Bezpieczeństwo aktywne i zawieszenie',NULL,'1464484023','1518975463','1'
'33','System zapobiegający blokowaniu kół (ABS)','32','1464484023','1518975463','1'
'34','System stabilizacji toru jazdy (ESP)','32','1464484023','1518975463','1'
'35','System dystrybucji siły hamowania','32','1464484023','1518975463','1'
'36','Tempomat','32','1464484023','1518975463','1'
'37','Czujniki parkowania z tyłu','32','1464484023','1518975463','1'
'38','Na zewnątrz',NULL,'1464484023','1518975463','1'
'39','Felgi aluminiowe','38','1464484023','1518975463','1'
'40','Relingi dachowe','38','1464484023','1518975463','1'
'41','Kolor nadwozia metalic','38','1464484023','1518975463','1'
'43','Światła',NULL,'1464484023','1518975463','1'
'44','Światła przeciwmgielne','43','1464484023','1518975463','1'
'46','Wnętrze',NULL,'1464484023','1518975461','1'
'47','Tkanina wyściółka wnętrza','46','1464484023','1518975461','1'
'48','Skórzana kierownica i gałka zmiany BIEGÓW','46','1464484023','1518975461','1'
'57','Lusterka boczne w kolorze nadwozia','38','1464484024','1518975464','1'
'59','Klamki w kolorze nadwozia','38','1464484024','1518975464','1'
'70','Czujnik deszczu','1','1464484025','1518975464','1'
'78','Reflektory ksenonowe','43','1464484026','1518975464','1'
'79','Kolor nadwozia masa perłowa','38','1464484027','1518975464','1'
'80','Napęd fotela kierowcy','1','1464484027','1518975464','1'
'81','Układ siedzenia pasażera','1','1464484027','1518975464','1'
'82','CD-zmieniarka','17','1464484027','1518975464','1'
'83','Komunikacyjna system Bluetooth','17','1464484027','1518975464','1'
'85','Reflektory bi-ksenonowe','43','1464484027','1518975464','1'
'86','Skórzana tapicerka wnętrza','46','1464484027','1518975464','1'
'96','Chromowana końcówka rury wydechowej','38','1464484030','1518975464','1'
'98','Regulacja kolumny kierowniczej regulacja wysokości','1','1464484033','1518975463','1'
'102','Ogrzewanie tylnej szyby','11','1464484033','1518975463','1'
'107','System RDS','17','1464484033','1518975463','1'
'110','Centralny zamek','23','1464484033','1518975463','1'
'129','Reflektory halogenowe','43','1464484033','1518975464','1'
'130','Przednie światła przeciwmgielne','43','1464484033','1518975464','1'
'135','Inne',NULL,'1464484033','1518975464','1'
'136','Koło zapasowe pełnowymiarowe','135','1464484033','1518975464','1'
'143','Port USB','17','1464484034','1518975464','1'
'149','Chromowane klamki otwierania drzwi','38','1464484034','1518975464','1'
'156','Moc lusterek zewnętrznych z podgrzewaną wodą','1','1464484037','1518975299','1'
'159','Złącze do podłączenia zewnętrznego urządzenia audio','17','1464484037','1518975466','1'
'162','Pomoc przy nagłym hamowaniu','32','1464484037','1518975466','1'
'171','Skórzane wykończenie kierownicy','1','1464484039','1518975466','1'
'176','Kieszenie na oparciach przednich foteli','46','1464484040','1518975466','1'
'178','Kierownica skórzana','1','1464484043','1518975466','1'
'180','Kontrola trakcji (ASR)','32','1464484043','1518975466','1'
'181','Koło zapasowe małego','135','1464484043','1518975289','1'
'185','Pasy bezpieczeństwa z ogranicznikiem obciążenia','26','1464484055','1518975466','1'
'194','Klimatyzacja','11','1464484058','1518975466','1'
'196','4 dynamika','17','1464484058','1518975466','1'
'197','Alarm','23','1464484058','1518975467','1'
'200','Przednie pasy bezpieczeństwa z regulacją wysokości','26','1464484058','1518975467','1'
'202','Elektroniczny system dystrybucji siły hamowania (EBD)','32','1464484058','1518975467','1'
'212','Przednie poduszki powietrzne','26','1464484059','1518975464','1'
'213','Blokada tylnych drzwi (ochrona dla dzieci)','26','1464484059','1518975465','1'
'215','Tkanina tapicerka siedzeń','46','1464484060','1518975465','1'
'216','Podłokietnik przedni','46','1464484060','1518975465','1'
'218','Przed-napinacze pasów bezpieczeństwa','26','1464484060','1518975465','1'
'225','Poduszka powietrzna kolan kierowcy','26','1464484063','1518975466','1'
'226','Kurtyny powietrzne','26','1464484063','1518975466','1'
'228','Dach','38','1464484063','1518975466','1'
'232','Czujnik światła','43','1464484063','1518975466','1'
'235','Skórzana gałka zmiany BIEGÓW','46','1464484063','1518975466','1'
'236','Automatyczne cieniowanie lusterko wewnętrzne wsteczne','46','1464484063','1518975289','1'
'245','Poduszki powietrzne kurtynowe z przodu Typ','26','1464484068','1518975290','1'
'249','Kierownica wielofunkcyjna','1','1464484080','1518975289','1'
'250','Automatycznie sami ciemnieją, składane lusterka zewnętrzne z napędem elektrycznym','1','1464484080','1518975692','1'
'252','Pamięć ustawień fotela kierowcy','1','1464484080','1518975467','1'
'253','Klimatyzacja dwustrefowa','11','1464484080','1518975467','1'
'254','Ogrzewanie tylnych foteli','11','1464484080','1518975467','1'
'255','System nawigacji z dyskiem twardym','17','1464484080','1518975467','1'
'256','Subwoofer','17','1464484080','1518975467','1'
'257','8 głośników','17','1464484080','1518975467','1'
'258','Kolorowy wyświetlacz wielofunkcyjny','17','1464484080','1518975467','1'
'260','Poduszka powietrzna pasażera z funkcją dezaktywacji','26','1464484080','1518975467','1'
'261','Poduszki powietrzne boczne tylne','26','1464484080','1518975467','1'
'262','Czujniki parkowania z przodu','32','1464484080','1518975467','1'
'264','System kontroli ciśnienia w oponach','32','1464484080','1518975467','1'
'265','System regulacji twardości zawieszenia','32','1464484080','1518975467','1'
'266','System adaptacyjnego oświetlenia drogi','43','1464484080','1518975467','1'
'318','Nakładki na progi','38','1464484083','1518975467','1'
'322','Centralny podłokietnik z tyłu','46','1464484083','1518975467','1'
'336','Elektryczne wspomaganie kierownicy','1','1464484085','1518975299','1'
'339','Przednie i tylne zagłówki','26','1464484085','1518975467','1'
'345','Wewnętrzne lusterko wsteczne z funkcją ściemniania','46','1464484085','1518975467','1'
'347','Aluminiowe nakładki na pedałach','46','1464484085','1518975468','1'
'400','Kanały dla pasażerów tylnego rzędu','11','1464484119','1518975469','1'
'407','Styk ostrzegawczy o zapięciu pasów','26','1464484119','1518975457','1'
'409','Kamera cofania','32','1464484119','1518975469','1'
'420','Led światła do jazdy dziennej','43','1464484120','1518975469','1'
'455','Czujniki parkowania z przodu i z tyłu','32','1464484121','1518975469','1'
'464','System pomocy ruszanie na wzniesieniu','32','1464484143','1518975469','1'
'472','Skórzana tapicerka siedzeń','46','1464484143','1518975470','1'
'492','Siatka do mocowania bagażu','1','1464484163','1518975470','1'
'493','Roleta bagażnika','1','1464484163','1518975470','1'
'494','Układ składania lusterek','1','1464484163','1518975470','1'
'498','Aktywne zagłówki foteli przednich','1','1464484163','1518975470','1'
'499','Centralny zamek z PILOTA','1','1464484163','1518975472','1'
'501','Klimatyzacja trzy-strefowy','11','1464484163','1518975299','1'
'512','Boczne poduszki powietrzne','26','1464484163','1518975473','1'
'513','Poduszki powietrzne, kurtyny, os Typ','26','1464484163','1518975290','1'
'530','Podświetlenie kosmetyków lusterek do osłon przeciwsłonecznych','43','1464484163','1518975473','1'
'539','Kompaktowe koło zapasowe','135','1464484163','1518975470','1'
'544','Elektryczna regulacja lusterek','1','1464484164','1518975299','1'
'549','Zabezpieczenie przed kradzieżą','23','1464484164','1518975470','1'
'552','Automatyczne ryglowanie drzwi podczas jazdy','26','1464484164','1518975470','1'
'555','Kontrola trakcji','32','1464484164','1518975470','1'
'557','Felgi aluminiowe 16"','38','1464484165','1518975470','1'
'569','Składane tylne siedzenia','1','1464484166','1518975470','1'
'589','Zderzaki w kolorze nadwozia','38','1464484166','1518975473','1'
'613','Wspomaganie kierownicy','1','1464484170','1518975474','1'
'614','Elektrycznie sterowane szyby','1','1464484170','1518975474','1'
'620','Chromowana atrapa chłodnicy','38','1464484170','1518975474','1'
'625','Schowek','46','1464484171','1518975478','1'
'627','Uchwyty na kubki','46','1464484171','1518975478','1'
'636','Listwy w kolorze nadwozia','38','1464484172','1518975478','1'
'648','Antena','17','1464484178','1518975478','1'
'656','Przeszklenie która nie przepuszcza ciepło','38','1464484179','1518975299','1'
'663','Okulary żaluzje w tylnych drzwiach','46','1464484179','1518975473','1'
'664','Schowek w przednim podłokietniku','46','1464484179','1518975473','1'
'698','Przednie i tylne chlapacze','38','1464484184','1518975478','1'
'722','Lampki do czytania map','43','1464484195','1518975479','1'
'753','Tylne zagłówki','26','1464484212','1518975478','1'
'754','System nawigacji','17','1464484214','1518975478','1'
'755','Odtwarzacz DVD','17','1464484214','1518975478','1'
'756','Elektryczny szyberdach','38','1464484214','1518975478','1'
'759','Tylna wycieraczka','1','1464484216','1518975478','1'
'764','Etui na okulary','1','1464484217','1518975479','1'
'775','Czujniki parkowania','32','1464484217','1518975479','1'
'780','Chlapacze','38','1464484217','1518975479','1'
'855','Regulacja odcinka lędźwiowego oporu fotela kierowcy','1','1464484229','1518975480','1'
'861','Z komputera pokładowego','17','1464484229','1518975480','1'
'863','AM/FM stereo','17','1464484229','1518975480','1'
'876','Felgi aluminiowe 17"','38','1464484230','1518975480','1'
'886','Sterowanie tempomatem na kierownicy','1','1464484230','1518975480','1'
'887','Czujnik poziomu płynu w zbiorniku spryskiwaczy szyb','1','1464484231','1518975480','1'
'890','Ogrzewanie kierownicy','11','1464484231','1518975481','1'
'896','Aktywne zagłówki foteli przednich','26','1464484231','1518975481','1'
'898','Lusterka boczne z urządzeniami powtarzania kierunkowskazów','38','1464484231','1518975299','1'
'901','Automatyczna korekcja kąta pochylenia reflektorów','43','1464484231','1518975481','1'
'927','Napęd bagażowej drzwi','1','1464484334','1518975482','1'
'934','Ogrzewanie strefy spoczynku wycieraczek','11','1464484334','1518975482','1'
'945','Tylny spojler','38','1464484334','1518975483','1'
'957','Pamięć ustawień lusterek','1','1464484335','1518975483','1'
'958','Pamięć ustawienia kierownicy','1','1464484335','1518975483','1'
'960','Obsługa iPod','17','1464484335','1518975483','1'
'966','Regulacja pochylenia tylnych siedzeń','1','1464484336','1518975481','1'
'968','Wygodny dostęp bez kluczyka','23','1464484336','1518975481','1'
'973','Podświetlenie w drzwiach','43','1464484337','1518975481','1'
'977','Regulacja kolumny kierownicy na długości','1','1464484345','1518975481','1'
'978','Sportowa kierownica skórzana','1','1464484345','1518975481','1'
'979','Zarządzanie systemem utrzymania stałej prędkości jazdy na kierownicy','1','1464484345','1518975481','1'
'980','Chip-key z przyciskiem włączeniem zapłonu','1','1464484345','1518975481','1'
'981','Wysuwane spryskiwacze reflektorów','1','1464484345','1518975481','1'
'982','Wycieraczki z automatycznie zmiennym rozstawie w zależności od prędkości pojazdu','1','1464484345','1518975481','1'
'983','Otwierane o kąt 80 stopni tylne boczne drzwi (ułatwia dopasowanie i wyjście z samochodu)','1','1464484345','1518975481','1'
'984','Utrzymujące się w ciągu 45 sekund po zatrzymaniu silnika zasilanie napędu szyb drzwi i przezroczystego klapy','1','1464484345','1518975482','1'
'985','Urządzenie zdalnego otwierania pokrywy bagażnika w nagłych przypadkach','1','1464484345','1518975482','1'
'986','Uchwyt na wewnętrznej stronie tylnej klapy','1','1464484345','1518975482','1'
'987','System składania wszystkich szyb za jednym naciśnięciem przycisku','1','1464484345','1518975482','1'
'988','Tryb automatycznej synchronizacji kierownicy i lusterek bocznych podczas regulacji fotela kierowcy','1','1464484345','1518975482','1'
'989','Przednie fotele elektrycznie regulowane w 8 kierunkach','1','1464484345','1518975482','1'
'990','Urządzenie zapamiętywania na dwa warianty ustawień fotela kierowcy','1','1464484345','1518975482','1'
'991','Przyciski sterowania podnoszeniem/opuszczaniem w bagażniku i przyciski podnoszenia na konsoli środkowej','1','1464484345','1518975482','1'
'992','Automatycznie składane tylne siedzenia','1','1464484345','1518975482','1'
'993','Ogrzewanie tylnej szyby z zegarem','11','1464484345','1518975482','1'
'994','Ogrzewanie przednich foteli z nowym projektem przycisków','11','1464484345','1518975482','1'
'995','Otwory wentylacyjne w tylnej części kabiny i przewody ogrzewania na podłodze','11','1464484345','1518975482','1'
'996','Plasma system Cluster (jonizatorem i czyszczenia powietrza)','11','1464484345','1518975482','1'
'997','Automatyczna recyrkulacja powietrza','11','1464484345','1518975484','1'
'998','Centralny wyświetlacz transfer z komputera na desce rozdzielczej','17','1464484345','1518975484','1'
'999','Obrotomierz','17','1464484345','1518975484','1'
'1000','Automatyczna regulacja głośności w zależności od prędkości pojazdu','17','1464484345','1518975484','1'
'1001','Sterownik Infiniti Jog Dial','17','1464484345','1518975484','1'
'1002','Dwukanałowa system audio Hi-Fi 08IT Bose 2.0','17','1464484346','1518975484','1'
'1003','Układ wspomagania wyświetlacz','17','1464484346','1518975484','1'
'1004','Zamontowana na przedniej szybie antena','17','1464484346','1518975484','1'
'1005','AM/FM, RDS','17','1464484346','1518975484','1'
'1006','Dysk twardy','17','1464484346','1518975484','1'
'1007','Obsługa formatów MP3 i WMA','17','1464484346','1518975484','1'
'1008','10 głośników','17','1464484346','1518975484','1'
'1009','Wyświetlacz 7" do systemu audio, klimatyzacji i przypomnienia o konieczności przeprowadzenia konserwacji','17','1464484346','1518975484','1'
'1010','Alarm z immobilizerem samochodu Infiniti z zakodowanymi układem rewanżu części, umieszczony w elektroniczny klucz','23','1464484346','1518975645','1'
'1011','Automatyczna blokada centralnego zamka podczas jazdy','23','1464484346','1518975484','1'
'1012','Układ zamków drzwi','23','1464484346','1518975484','1'
'1013','Wybór trybu otwierania tylko drzwi kierowcy lub wszystkich drzwi','23','1464484346','1518975299','1'
'1014','Ustawienia pamięci, związanej z indywidualnym systemem zdalnego sterowania "inteligentny kluczyk"','23','1464484346','1518975299','1'
'1015','System ulepszonych poduszek powietrznych Infiniti (AABS)','26','1464484346','1518975484','1'
'1016','Dwóch licznikach przednie poduszki bezpieczeństwa z czujnikami pasów bezpieczeństwa czujnik rozpoznawania obecności pasażera','26','1464484346','1518975931','1'
'1017','Dodatkowe boczne nadmuchiwane poduszki, zamontowane na przednich siedzeniach dla ochrony podczas zderzenia bocznego','26','1464484346','1518975484','1'
'1018','Zainstalowane w suficie kabiny dodatkowe nadmuchiwane boczki do ochrony przednich i skrajnych tylnych pasażerów','26','1464484346','1518975484','1'
'1019','"Psuje się" wał napędowy','26','1464484346','1518975695','1'
'1020','Trzy z zagłówkami tylnych siedzeń','26','1464484346','1518975484','1'
'1021','Pasy bezpieczeństwa z ELR/ALR (dla kierowcy tylko ELR)','26','1464484346','1518975487','1'
'1022','3-punktowe pasy bezpieczeństwa','26','1464484346','1518975487','1'
'1023','Dach bloku pedału hamulca','26','1464484346','1518975487','1'
'1024','4-kanałowy układ przeciwpoślizgowy hamulców (ABS)','32','1464484346','1518975487','1'
'1025','System dynamicznej kontroli stabilności pojazdu (VDC)','32','1464484346','1518975487','1'
'1026','System wspomagania hamowania awaryjnego (BA)','32','1464484346','1518975487','1'
'1027','Brzęczyk ostrzeżenia o zapomnianych w zamku kluczach','32','1464484346','1518975487','1'
'1028','System ciśnienia powietrza w oponach (TPMS)','32','1464484346','1518975487','1'
'1029','Wskaźnik ostrzeżenia o otwartych drzwiach bagażnika','32','1464484346','1518975487','1'
'1030','Sygnał ostrzegawczy jeśli zostawisz reflektory na','32','1464484346','1518975459','1'
'1031','Listwy boczne w kolorze nadwozia','38','1464484346','1518975487','1'
'1032','Farba jest odporna na drobne zarysowania','38','1464484346','1518975931','1'
'1033','Podwójne chromowane końcówki rury wylotowe','38','1464484346','1518975487','1'
'1034','Aluminiowe nakładki na pedałach, z podświetleniem','38','1464484346','1518975487','1'
'1035','Chromowana kratka chłodnicy i klamki drzwi','38','1464484346','1518975487','1'
'1036','Aluminiowa pokrywa się z gazowymi amortyzatorami i podwójnym zamkiem','38','1464484346','1518975487','1'
'1037','Szkła z filtrem UV (szyba - z zielonkawym ściemniania)','38','1464484346','1518975487','1'
'1038','Przyciemniane szyby w tylnych drzwiach i strefy bagażnika','38','1464484346','1518975487','1'
'1039','Felgi aluminiowe 18"','38','1464484346','1518975487','1'
'1040','Aluminiowe relingi bagażnika na dachu','38','1464484346','1518975487','1'
'1041','Tylne światło przeciwmgłowe','43','1464484346','1518975487','1'
'1042','System adaptacyjnego oświetlenia drogi (AFS)','43','1464484346','1518975487','1'
'1043','System Welcome Lightning ("intuicyjne oświetlenie") świeci się samochód podczas zbliżania się pojazdu','43','1464484346','1518975931','1'
'1044','Podwójny górny lampka wewn. (do czytania map drogowych z przodu, lampki do czytania z tyłu','43','1464484346','1518975487','1'
'1045','Oświetlenie przy wsiadaniu do samochodu z opóźnieniem wyłączenia','43','1464484346','1518975487','1'
'1046','Na oświetlone plafony podświetlenia lusterek','43','1464484346','1518975487','1'
'1047','Optronic urządzenia z biało-fioletowym podświetleniem','43','1464484346','1518975931','1'
'1048','Wykończenie wnętrza wykonane z drewna klonowego','46','1464484346','1518975487','1'
'1049','Rozkładany podłokietnik tylnej kanapy','46','1464484346','1518975487','1'
'1050','Analogowy zegar Infiniti','46','1464484346','1518975487','1'
'1051','Podwójne przednie i tylne uchwyty na kubki','46','1464484346','1518975487','1'
'1052','Gniazdko','46','1464484346','1518975487','1'
'1053','Schowek do przechowywania','46','1464484346','1518975487','1'
'1054','Koło zapasowe','135','1464484346','1518975299','1'
'1055','Rosyjski system nawigacji 08IT z dyskiem HDD','17','1464484347','1518975487','1'
'1056','System AVM (4 kamery widzenia przewidywane luzem 360 zdjęcie samochodu na monitorze przy parkowaniu)','32','1464484348','1518975932','1'
'1057','Aktywny tempomat','32','1464484348','1518975487','1'
'1058','Wycieraczki z automatycznie zmiennym interwałem','1','1464484349','1518975487','1'
'1059','Rączka do otwierania bagażnika od środka','1','1464484349','1518975487','1'
'1060','Regulacja fotela kierowcy i pasażera w 8 kierunkach','1','1464484349','1518975487','1'
'1061','Elektryczna regulacja przednich siedzeń','1','1464484349','1518975300','1'
'1062','Układ składania tylnych siedzeń','1','1464484349','1518975487','1'
'1063','Uchwyt na okulary po stronie kierowcy','1','1464484349','1518975487','1'
'1064','Kanały dopływu ciepła powietrza na nogi pasażerów z tyłu','11','1464484349','1518975487','1'
'1065','System Audio Bose','17','1464484349','1518975487','1'
'1066','Multifunkcyjny wyświetlacz','17','1464484349','1518975487','1'
'1067','Jeden kluczyk do stacyjki i zamków drzwi','23','1464484349','1518975487','1'
'1068','Dwóch licznikach przednie poduszki powietrzne','26','1464484349','1518975931','1'
'1069','3-punktowe pasy bezpieczeństwa z ELR i ALR','26','1464484349','1518975487','1'
'1070','Montaż składane pedały','26','1464484349','1518975300','1'
'1071','System dynamicznej stabilizacji','32','1464484349','1518975487','1'
'1072','Kamery widzenia na obwodzie samochodu','32','1464484349','1518975487','1'
'1073','Gazowe amortyzatory','32','1464484349','1518975487','1'
'1074','Sygnalizacja nie zamkniętych pokrywy komory silnika i pokrywy bagażnika','32','1464484349','1518975933','1'
'1075','Wskazanie częstotliwości TO','32','1464484349','1518975487','1'
'1076','Nakładki na progi z podświetleniem','38','1464484349','1518975487','1'
'1077','Szyba przednia z zielonkawym ściemniania','38','1464484349','1518975484','1'
'1078','Nawilżający przeszklenie','38','1464484349','1518975484','1'
'1079','Felgi aluminiowe z oponami','38','1464484349','1518975484','1'
'1080','Wewnętrzne chromowane klamki otwierania drzwi','46','1464484349','1518975484','1'
'1081','Skórzana tapicerka foteli przednich','46','1464484349','1518975484','1'
'1082','Rozkładany podłokietnik tylnej kanapy z pojemności do przechowywania rzeczy','46','1464484349','1518975484','1'
'1083','Gniazdo zasilania 12V','46','1464484349','1518975484','1'
'1084','Przedłużacze przednich osłon przeciwsłonecznych i zadaszeń','46','1464484349','1518975484','1'
'1085','Pod kierownicy przełączniki biegów ze stopu magnezu','1','1464484354','1518975300','1'
'1086','Funkcja opóźnienia wyłączenia zasilania','1','1464484354','1518975484','1'
'1087','Regulacja lusterek','1','1464484354','1518975484','1'
'1088','Regulacja fotela kierowcy w 8 kierunkach, pasażera w 6 kierunkach','1','1464484354','1518975484','1'
'1089','Siedzenia trzeciego rzędu, składa się w proporcji 50/50','1','1464484354','1518975484','1'
'1090','Siedzenia drugiego rzędu, składa się w proporcji 60/40, przesuwne','1','1464484354','1518975484','1'
'1091','Kieszeń nad przednią szybą do przechowywania okularów','1','1464484354','1518975484','1'
'1092','Ogrzewanie wycieraczek przedniej szyby','11','1464484354','1518975484','1'
'1093','Ulepszony wyświetlacz komputera pokładowego Infiniti Intelligent View','17','1464484355','1518975484','1'
'1094','Na polski język komputera pokładowego','17','1464484355','1518975300','1'
'1095','Wbudowany w przedni panel dysk twardy 2 GB','17','1464484355','1518975484','1'
'1096','Obsługa WMA','17','1464484355','1518975486','1'
'1097','Sterownik Infiniti','17','1464484355','1518975486','1'
'1098','Monitor cofania','17','1464484355','1518975487','1'
'1099','Boczne przednie poduszki powietrzne','26','1464484355','1518975487','1'
'1100','3 punktowe pasy bezpieczeństwa z ELR i ALR (dla kierowcy – tylko ELR)','26','1464484355','1518975487','1'
'1101','Kontroler trybów pracy układu napędowego, silnika i gazu Infiniti Drive','32','1464484355','1518975487','1'
'1102','System ciśnienia powietrza w oponach (TPMS) ze wskaźnikiem ciśnienia w każdym kole','32','1464484355','1518975487','1'
'1103','Osłony przeciwsłoneczne z lusterkiem i podświetleniem (dla kierowcy i pasażera)','43','1464484355','1518975487','1'
'1104','Wykończenie wnętrza aluminiowymi wstawkami z lakieru ','46','1464484355','1518975931','1'
'1105','Obite naturalną skórą fotela kierowcy i pasażera','46','1464484355','1518975487','1'
'1106','Dźwignia zmiany biegów z oplotem ze skóry naturalnej','46','1464484355','1518975487','1'
'1107','Katalizator spalin','135','1464484355','1518975487','1'
'1108','Fotel kierowcy z regulacją w 2 kierunkach odcinka lędźwiowego','1','1464484356','1518975487','1'
'1109','Wbudowany w przedni panel dysk twardy 10 GB','17','1464484356','1518975487','1'
'1110','Sterownik Infiniti z 8" wyświetlaczem','17','1464484356','1518975487','1'
'1111','12 głośników','17','1464484356','1518975487','1'
'1112','System utrudnieniach AVM','32','1464484356','1518975487','1'
'1113','Wykończenie wnętrza ekskluzywnych drzewem','46','1464484357','1518975487','1'
'1114','Zdalny pilot','1','1464484358','1518975487','1'
'1115','Zaawansowany system klimatyzacji Plasma Cluster','11','1464484358','1518975487','1'
'1116','Wentylacja przednich foteli','11','1464484358','1518975487','1'
'1117','Oczyszczacz powietrza Clean Air Vehicle (CAV)','11','1464484358','1518975487','1'
'1118','Jonizator','11','1464484358','1518975487','1'
'1119','Informacyjno-rozrywkowe Infiniti','17','1464484358','1518975487','1'
'1120','14 głośników','17','1464484358','1518975487','1'
'1121','Dwie pary bezprzewodowych słuchawek na podczerwień','17','1464484358','1518975487','1'
'1122','Odtwarzacz DVD w konsoli środkowej','17','1464484358','1518975488','1'
'1123','Zamontowane w zagłówkach przednich foteli, dwa 7" kolorowych ekranu','17','1464484358','1518975488','1'
'1124','Przezroczysty dach z słońce-osłony ładunku','38','1464484359','1518975645','1'
'1125','Felgi aluminiowe 20"','38','1464484359','1518975488','1'
'1126','Opony letnie 235/55R20','38','1464484359','1518975488','1'
'1127','Inteligentny tempomat (ICC)','32','1464484360','1518975487','1'
'1128','System zapobiegania kolizji z obiektem w "martwej strefie" Blind Spot Intervention (BSI)','32','1464484360','1518975488','1'
'1129','System zapobiegania kolizji na przeszkody podczas cofania','32','1464484360','1518975488','1'
'1130','System ostrzegania o ewentualnej kolizji Forward Collision Warning (FCW)','32','1464484360','1518975488','1'
'1131','System ostrzegania o obecności obiektów w "martwej strefie"','32','1464484360','1518975488','1'
'1132','System kontroli odstępu','32','1464484360','1518975488','1'
'1133','System zapobiegania opuszczeniu pasa ruchu Lane Departure Prevention (LDP)','32','1464484360','1518975488','1'
'1134','Eko - pedał','135','1464484360','1518975488','1'
'1135','Regulacja fotela kierowcy w 8 kierunkach','1','1464484362','1518975488','1'
'1136','Regulacja fotela kierowcy w 6 kierunkach','1','1464484362','1518975488','1'
'1137','Białe strzałki i nowy ekran pokładowego komputera','17','1464484362','1518975488','1'
'1138','System Super lock','23','1464484362','1518975488','1'
'1139','Osłony przeciwsłoneczne kierowcy i pasażera z lusterkami kosmetycznymi','46','1464484362','1518975488','1'
'1140','Dysk twardy 10 GB','17','1464484363','1518975488','1'
'1141','Pasy bezpieczeństwa z funkcją przed awaryjnego otwierania awaryjnego hamowania','26','1464484368','1518975931','1'
'1142','Inteligentny system wspomagania nagłego hamowania Intelligent Brake Assist (IBA)','32','1464484368','1518975488','1'
'1143','System ostrzegania o ewentualnej kolizji','32','1464484368','1518975488','1'
'1144','System utrzymywania odległości od poprzedzającego pojazdu Distance Control Assist (DCA)','32','1464484368','1518975488','1'
'1145','Chip-klucz "Intelligent key", przycisk włączania zapłonu','1','1464484369','1518975488','1'
'1146','Utrzymujące się w ciągu 45 sekund po zatrzymaniu silnika zasilanie napędu szyb drzwi','1','1464484369','1518975488','1'
'1147','Klucz do personelu z funkcją blokady bagażnika','1','1464484369','1518975488','1'
'1148','Napęd elektryczny otwierania pokrywy bagażnika','1','1464484370','1518975488','1'
'1149','Tapicerowane tkaniną siedzenie kierowcy i pasażera z manualną regulacją położenia i z regulacją odcinka lędźwiowego','1','1464484370','1518975931','1'
'1150','Tempomat ze sterowaniem na kierownicy','1','1464484370','1518975488','1'
'1151','Automatyczny dwóch klimatyzacja automatyczna','11','1464484370','1518975931','1'
'1152','Ogrzewanie przedniej szyby w okolicy wycieraczek','11','1464484370','1518975488','1'
'1153','Fotele przednie podgrzewane (z nowym projektem przycisków)','11','1464484370','1518975488','1'
'1154','Otwory wentylacyjne w tylnej części konsoli środkowej i przewody ogrzewania na podłodze','11','1464484370','1518975488','1'
'1155','Czujnik temperatury zewnętrznej','11','1464484370','1518975488','1'
'1156','System audio z zakresami AM/FM/CD, 6 głośników','17','1464484370','1518975488','1'
'1157','IPOD/USB + Bluetooth','17','1464484370','1518975488','1'
'1158','Podwójny wyświetlacz dotykowy','17','1464484370','1518975488','1'
'1159','Sygnalizacja Infiniti z immobilizerem z zakodowanymi układem w chip-klucze','23','1464484370','1518975488','1'
'1160','Dodatkowe boczne nadmuchiwane poduszki','26','1464484370','1518975488','1'
'1161','Zainstalowane w suficie kabiny dodatkowe nadmuchiwane poduszki kurtynowe','26','1464484370','1518975489','1'
'1162','Blokowanie zamków drzwi przed przypadkowym otwarciem dziećmi','26','1464484370','1518975489','1'
'1163','Tryb otwierania tylko drzwi kierowcy lub wszystkich drzwi','26','1464484370','1518975300','1'
'1164','"Psuje się" wał napędowy pomaga zachować integralność przedziału pasażerskiego po poważnych kolizjach','26','1464484370','1518975695','1'
'1165','Przednie i tylne zagłówki dla wszystkich pasażerów','26','1464484370','1518975489','1'
'1166','Dwa z zagłówkami tylnych siedzeń','26','1464484370','1518975489','1'
'1167','3 punktowe przednie pasy bezpieczeństwa z ELR/ALR','26','1464484370','1518975489','1'
'1168','3 punktowe tylne pasy bezpieczeństwa z ELR/ALR','26','1464484370','1518975489','1'
'1169','Dach pedały są aktywowane podczas zderzenia','26','1464484370','1518975932','1'
'1170','Kontrola trakcji (TCS)','32','1464484370','1518975489','1'
'1171','System pomocy ruszanie na wzniesieniu HSA','32','1464484370','1518975489','1'
'1172','Kontroler trybu samochodu Infiniti Drive Mode Selector','32','1464484370','1518975489','1'
'1173','Brzęczyk ostrzeżenia o zapomnianych w samochodzie kluczach','32','1464484370','1518975489','1'
'1174','7 biegowa automatyczna skrzynia biegów z trybem ręcznej zmiany biegów','32','1464484370','1518975489','1'
'1175','ASAP - lakier odporny na drobne zarysowania','38','1464484370','1518975932','1'
'1176','Chromowana kratka chłodnicy','38','1464484370','1518975489','1'
'1177','Dwie chromowane końcówki rur wydechowych','38','1464484370','1518975489','1'
'1178','Tylny spoiler, zintegrowany w pokrywie bagażnika','38','1464484370','1518975489','1'
'1179','17" felgi ze stopów lekkich, opony letnie 225/55R17','38','1464484370','1518975489','1'
'1180','Tylne światła wykonane w technologii led i lampy cofania (LED)','43','1464484370','1518975489','1'
'1181','Reflektory halogenowe','43','1464484370','1518975488','1'
'1182','Przednie światła przeciwmgielne (LED)','43','1464484370','1518975488','1'
'1183','Led oświetlenie wnętrza z przodu','43','1464484370','1518975488','1'
'1184','Wykończenie wnętrza wstawkami z aluminium','46','1464484370','1518975488','1'
'1185','5 osobowy salon','46','1464484370','1518975488','1'
'1186','Nie ulepią lustro wnętrza cofania','46','1464484370','1518975300','1'
'1187','Przedni podłokietnik ze zbiornikiem do przechowywania rzeczy i elektrycznego o napięciu 12V','46','1464484370','1518975488','1'
'1188','Zbiornik paliwa o pojemności 80 l','135','1464484370','1518975488','1'
'1189','Katalizator spalin Euro 4','135','1464484370','1518975488','1'
'1190','Tapicerowane skórą fotel kierowcy i pasażera z manualną regulacją położenia i z regulacją odcinka lędźwiowego','1','1464484371','1518975931','1'
'1191','Urządzenie zapamiętywania na dwa warianty ustawień fotela kierowcy, kolumny kierownicy i lusterek zewnętrznych','1','1464484372','1518975488','1'
'1192','Układ składania lusterek zewnętrznych podgrzewane i synchronizacją','1','1464484372','1518975488','1'
'1193','Napęd fotela kierowcy i pasażera','1','1464484372','1518975488','1'
'1194','System Start&Stop','1','1464484372','1518975488','1'
'1195','Pamięć ustawień nawigacji i systemu audio z indywidualnego breloki systemu "Intelligent key"','17','1464484372','1518975290','1'
'1196','Zamki z napędem elektrycznym','23','1464484372','1518975488','1'
'1197','Chip-klucz Intelligent key+system bezdotykowego otwierania wszystkich drzwi','23','1464484372','1518975488','1'
'1198','System ISOFIX (niski rozmieszczenie mocowań i pasów dla dziecka)','26','1464484372','1518975488','1'
'1199','3-punktowe przednie i tylne pasy bezpieczeństwa z ELR/ALR','26','1464484372','1518975488','1'
'1200','Dach pedały','26','1464484372','1518975488','1'
'1201','Europejska specyfikacja i ustawienie zawieszenia i silnika + poprawiono jakość wykończenia i materiałów','32','1464484373','1518975488','1'
'1202','Korzystanie z platformy FM (Front Mid-ship), przy której silnik znajduje się z tyłu przedniego mostu','32','1464484373','1518975488','1'
'1203','System Welcome Lightning ("intuicyjne oświetlenie")','43','1464484373','1518975488','1'
'1204','Tapicerka wnętrza z naturalnej skóry "Stone"','46','1464484373','1518975488','1'
'1205','Tapicerka wnętrza z naturalnej skóry "Graphite"','46','1464484373','1518975488','1'
'1206','Interaktywna nawigacja nowej generacji In Touch + informacje o sytuacji na drogach RDS TMC','17','1464484373','1518975488','1'
'1207','Pełna-LED przednie oświetlenie (LED) z regulacją poziomu automatyczne','43','1464484374','1518975290','1'
'1208','Pamięć dwóch opcji ustawień fotela kierowcy, kolumny kierownicy i lusterek zewnętrznych','1','1464484375','1518975488','1'
'1209','Podwójne składane lusterka zewnętrzne z napędem elektrycznym regulacji','1','1464484375','1518975488','1'
'1210','Regulowane podparcie lędźwi fotela kierowcy','1','1464484375','1518975488','1'
'1211','Regulowane podparcie lędźwi fotela pasażera','1','1464484375','1518975488','1'
'1212','Dwustrefowa klimatyzacja Plasma Cluster z mikro-filtracji i węgla salon filtrem','11','1464484375','1518975664','1'
'1213','Europejska alarm Infiniti z czujnikiem ilości','23','1464484375','1518975488','1'
'1214','Czujniki parkowania przedni i tylny','32','1464484375','1518975290','1'
'1215','Sportowy przedni zderzak i progi','38','1464484375','1518975488','1'
'1216','18" felgi aluminiowe, opony letnie wymiarze 225/50R18','38','1464484375','1518975488','1'
'1217','Aluminiowa listwa Kacchu konsoli środkowej i zegarów','46','1464484375','1518975488','1'
'1218','Tylne siedzenia, składa się w proporcji 40/60','46','1464484375','1518975488','1'
'1219','Dwukanałowa system audio Hi-Fi HDD Bose z AM/FM z RDS, 6CD-zmieniarka w konsoli środkowej MP3, WMA, sterowaniem na kierownicy','17','1464484377','1518975488','1'
'1220','System wolnego miejsca do parkowania (PSM)','1','1464484378','1518975489','1'
'1221','System zarządzania parkingiem','32','1464484378','1518975489','1'
'1222','System wykrywania zbliżających się obiektów (AOD)','32','1464484378','1518975489','1'
'1223','Wykończenie wnętrza i konsoli środkowej wstawkami z naturalnego drewna','46','1464484379','1518975489','1'
'1224','Lusterko wsteczne z automatycznym przyciemnianiem','46','1464484379','1518975290','1'
'1225','Adaptacyjny system elektroniczny układu kierowniczego STEER BY WIRE','1','1464484379','1518975489','1'
'1226','System kontroli ruchu i utrzymania pojazdu na pasie ACTIVE LANE CONTROL','32','1464484380','1518975489','1'
'1227','19" felgi aluminiowe, opony letnie wymiarze 245/40R19 Run Flat','38','1464484380','1518975489','1'
'1228','Elektryczny szyberdach nachylenia i przesunięcia z funkcją antidementia','38','1464484382','1518975290','1'
'1229','Aktywne systemy bezpieczeństwa (Safety shield)','26','1464484443','1518975933','1'
'1230','System zapobiegania kolizji na przeszkody podczas cofania Backup Collision Intervention (BCI)','32','1464484443','1518975489','1'
'1231','System zapobiegania ewentualnej kolizji Forward Collision Avoidance (FCA)','32','1464484443','1518975489','1'
'1232','System zapobiegania kolizji na przeszkody podczas cofania Backup Collision Prevention (BCP)','32','1464484443','1518975489','1'
'1233','System ostrzegania o obecności obiektów w "martwej strefie" Blind Spot Warning (BSW)','32','1464484443','1518975489','1'
'1234','System ostrzegania o opuszczeniu pasa ruchu Lane Departure Warning (LDW)','32','1464484443','1518975489','1'
'1235','Podwójne składane zewnętrzne lusterka wsteczne podgrzewane i elektrycznie regulacji','1','1464484444','1518975489','1'
'1236','Obite naturalną skórą fotel kierowcy z regulacją w 8 kierunkach, elektrycznie i z regulacją odcinka lędźwiowego)','1','1464484444','1518975645','1'
'1237','Tapicerowane naturalną skórą fotel pasażera z przodu (z regulacją w 8 kierunkach i elektryczny)','1','1464484444','1518975931','1'
'1238','Europejska alarm z czujnikiem ilości','23','1464484444','1518975490','1'
'1239','W pełni led przednie oświetlenie (LED)','43','1464484444','1518975490','1'
'1240','Tapicerka','46','1464484444','1518975490','1'
'1241','Zbiornik paliwa o pojemności 70 l','135','1464484444','1518975490','1'
'1242','Sportowa kierownica z oplotem ze skóry naturalnej','1','1464484448','1518975490','1'
'1243','Sterowanie klimatyzacji w kierownicy','1','1464484448','1518975490','1'
'1244','Elektryczne podnośniki szyb drzwi z przyciskami sterowania z podświetleniem','1','1464484449','1518975490','1'
'1245','Elektryczne podnośniki szyb drzwi z trybem jednokrotnym naciśnięciu do podnoszenia/opuszczania przednich szyb i auto rewersem','1','1464484449','1518975933','1'
'1246','Pamięć ustawień lusterek bocznych w 2 pozycjach','1','1464484449','1518975490','1'
'1247','Pamięć ustawienia kolumny kierownicy w 2 pozycjach','1','1464484449','1518975490','1'
'1248','Pamięć ustawień dwóch wariantów położenia fotela kierowcy','1','1464484449','1518975490','1'
'1249','Sterownik dla systemu audio, klimatyzacji i przypomnienia o konieczności przeprowadzenia konserwacji','11','1464484449','1518975490','1'
'1250','Klimatyzacja 2 strefowy automatyczny tryb recyrkulacji powietrza i c system Plasma Cluster (jonizatorem i czyszczenia powietrza)','11','1464484449','1518975933','1'
'1251','Sterownik Infiniti z 7" wyświetlaczem','17','1464484449','1518975490','1'
'1252','10 głośnikami o mocy 301 Wat','17','1464484449','1518975490','1'
'1253','IPOD/USB, złącze','17','1464484449','1518975490','1'
'1254','Indywidualne breloki systemu "Intelligent key"','23','1464484449','1518975490','1'
'1255','Nadmuchiwane boczki do ochrony przednich i skrajnych tylnych pasażerów w przypadku zderzenia bocznego','26','1464484449','1518975490','1'
'1256','Czujnik rozpoznawania obecności pasażera','26','1464484449','1518975490','1'
'1257','3-punktowe przednie pasy bezpieczeństwa z regulacją górnego punktu mocowania na wysokości','26','1464484449','1518975490','1'
'1258','Czujnik pasów bezpieczeństwa','26','1464484449','1518975490','1'
'1259','Hamulce sportowe Infiniti','32','1464484449','1518975490','1'
'1260','Zewnętrzne chromowane klamki otwierania drzwi','38','1464484449','1518975490','1'
'1261','Dodatkowe wloty powietrza w przednich błotnikach','38','1464484449','1518975490','1'
'1262','Aluminiowe felgi 20" , z-sezonowymi oponami','38','1464484449','1518975931','1'
'1263','Chromowane relingi bagażnika na dachu','38','1464484449','1518975490','1'
'1264','Reflektory bi-Ksenonowe z automatyczną regulacją poziomu','43','1464484449','1518975290','1'
'1265','Tylne światła diodowe (LED)','43','1464484449','1518975490','1'
'1266','Lampki do czytania z tyłu','43','1464484449','1518975490','1'
'1267','Podwójny górny lampka wewn. (do czytania map drogowych z przodu','43','1464484449','1518975490','1'
'1268','Wykończenie wnętrza z naturalnego drewna klon','46','1464484449','1518975490','1'
'1269','Aluminium z czarnym wystrojem wykończenie konsoli środkowej i wnętrza','46','1464484449','1518975490','1'
'1270','Dach podłokietnik przedni o pojemności do przechowywania rzeczy','46','1464484449','1518975490','1'
'1271','Kieszenie do przechowywania map drogowych na oparciach tylnych foteli','46','1464484449','1518975490','1'
'1272','Uchwyt na monety','46','1464484449','1518975490','1'
'1273','Koło zapasowe - w wersji skróconejT175/90M D18','135','1464484449','1518975290','1'
'1274','Rosyjska nawigacja 08IT z HDD i 8" monitorem','17','1464484450','1518975490','1'
'1276','Adaptacyjny tempomat','32','1464484451','1518975490','1'
'1277','Aktywny tempomat (ACC)','32','1464484451','1518975490','1'
'1278','System zapobiegający najechaniu na przeszkodę (Forward collision warning)','32','1464484451','1518975490','1'
'1279','Ręczne regulacji podparcia lędźwiowego i szuflady wałka poduszki przednich siedzeń','1','1464484452','1518975490','1'
'1280','Ręczna regulacja fotela kierowcy w obszarze ramion i ud','1','1464484452','1518975491','1'
'1281','Układ zmiennej sztywności zawieszenia z trybem Sport','32','1464484452','1518975491','1'
'1282','Dodatkowe chromowane listwy na karoserii','38','1464484452','1518975491','1'
'1283','Felgi aluminiowe 21" ze sportowej oponami 265/45','38','1464484452','1518975491','1'
'1284','Sportowy fotel kierowcy i pasażera z przodu','46','1464484452','1518975491','1'
'1285','Wykończenie wnętrza Black Quartz','46','1464484454','1518975491','1'
'1287','Czarne boczne lusterka','38','1464484459','1518975491','1'
'1288','Felgi w kolorze czarnym','38','1464484459','1518975491','1'
'1289','Skrzela na przednich błotnikach i progach– ciemny chrom','38','1464484459','1518975491','1'
'1290','Czarne relingi dachowe','38','1464484459','1518975489','1'
'1291','Obwódki świateł przeciwmgielnych i cofania pokoje - ciemny chrom','38','1464484459','1518975489','1'
'1292','Atrapa chłodnicy - ciemny chrom','38','1464484459','1518975489','1'
'1293','Przyciemniane przednie reflektory','38','1464484459','1518975489','1'
'1294','Wykończenie wewnętrznych paneli dachu i sufitu fioletowej szwem','46','1464484459','1518975932','1'
'1295','Relingi bagażnika na dachu','38','1464484461','1518975489','1'
'1296','Przednie siedzenia regulowane ręcznie, w okolicy ramion i ud','1','1464484465','1518975489','1'
'1297','Wbudowany w konsolę środkową odtwarzacz DVD z pilotem ZDALNEGO sterowania','1','1464484465','1518975933','1'
'1298','Informacyjno-rozrywkowe Infiniti z zainstalowaną na suficie miękkim 9" kolorowym ekranem','17','1464484465','1518975489','1'
'1305','System dystrybucji siły hamowania (EBD)','32','1464484474','1518975490','1'
'1310','Koło zapasowe','135','1464484474','1518975490','1'
'1338','Wentylacja siedzeń tylnych','11','1464484478','1518975491','1'
'1342','16 głośników','17','1464484478','1518975491','1'
'1374','Tylna roleta z napędem elektrycznym','46','1464484478','1518975492','1'
'1384','Pod drążki "płatki" zmiany biegów','1','1464484484','1518975290','1'
'1430','Ochrona skrzyni korbowej','26','1464484488','1518975491','1'
'1549','Metalik','38','1464484493','1518975492','1'
'1591','Boczne lusterka w obudowie z chromu','38','1464484498','1518975497','1'
'1604','Przycisk uruchamiania, zatrzymywania silnika','1','1464484507','1518975497','1'
'1626','Felgi aluminiowe 15"','38','1464484511','1518975496','1'
'1666','Ogrzewanie siedzeń','11','1464484512','1518975498','1'
'1694','Wspomaganie kierownicy','1','1464484525','1518975499','1'
'1711','Zabezpieczenie przed kradzieżą system alarmowy','23','1464484526','1518975499','1'
'1760','Przyciemniane szyby tylnych szyb','38','1464484531','1518975498','1'
'1765','Siedzenia sportowe dla kierowcy i pasażera','46','1464484531','1518975499','1'
'1833','9 głośników','17','1464484959','1518975500','1'
'1985','Podświetlenie przestrzeni na nogi','43','1464485032','1518975501','1'
'2011','7 lokalny salon','46','1464485058','1518975503','1'
'2017','System kontroli stabilizacji pojazdu (VSA)','32','1464485060','1518975503','1'
'2095','11 głośników','17','1464485075','1518975503','1'
'2181','Szklany dach','38','1464485117','1518975507','1'
'2519','Jeden składany kluczyk','23','1464485230','1518975512','1'
'2744','Zabezpieczenie kół przed kradzieżą','23','1464485292','1518975518','1'
'2839','Ogranicznik prędkości','32','1464485307','1518975520','1'
'3019','Nakładki progów w kolorze nadwozia','38','1464485345','1518975523','1'
'3039','Podświetlenie lusterek','43','1464485345','1518975524','1'
'3142','7 głośników','17','1464485364','1518975529','1'
'3143','Automatyczna regulacja zasięgu świateł','43','1464485364','1518975529','1'
'3199','Elektroniczny hamulec postojowy','32','1464485373','1518975528','1'
'3219','Bagażnik na dach','38','1464485373','1518975528','1'
'3238','Taca bagażnika','46','1464485374','1518975530','1'
'3256','Inteligentny system napędu na wszystkie koła','32','1464485404','1518975530','1'
'3292','Chromowane nakładki na rurach wydechowych','38','1464485405','1518975531','1'
'3373','Sportowe zawieszenie','32','1464485411','1518975532','1'
'3707','Sportowa kierownica','1','1464485667','1518975542','1'
'3731','Owiewka','1','1464485669','1518975542','1'
'3774','Klimat kontrola cztero-strefowy','11','1464485681','1518975304','1'
'3779','13 głośników','17','1464485681','1518975542','1'
'3842','Ekran projekcyjny','17','1464485705','1518975545','1'
'3957','Atrapa chłodnicy','38','1464485722','1518975547','1'
'4055','15 głośników','17','1464485743','1518974728','1'
'4142','Przedni spoiler','38','1464485823','1518974743','1'
'4229','Dach podłokietnik przedni','46','1464485826','1518974745','1'
'4267','Łącza satelitarne zabezpieczenie przed kradzieżą','23','1464485837','1518974746','1'
'4443','Poduszka powietrzna kolan pasażera','26','1464485907','1518974743','1'
'4584','Kierownica z wstawkami pod drzewo','1','1464485950','1518974750','1'
'4693','Zdalne uruchamianie silnika','1','1464486005','1518974751','1'
'4831','Klocki hamulca koloru czerwonego','38','1464486027','1518974753','1'
'5033','Opływowy podświetlenie wnętrza','43','1464486190','1518975306','1'
'5132','Regulowane oparcia tylnych siedzeń pochylenia','1','1464486198','1518974752','1'
'5229','Wskaźnik zmiany biegów','32','1464486270','1518974752','1'
'5469','Chromowane listwy boczne','38','1464486434','1518974792','1'
'5486','Inteligentny tempomat','32','1464486437','1518974792','1'
'5508','Koło zapasowe w wersji skróconej','135','1464486483','1518975299','1'
'5602','Zestaw naprawczy','135','1464486494','1518974794','1'
'5705','Chromowane nakładki na progi','38','1464486508','1518974797','1'
'5707','Skórzana tapicerka','46','1464486509','1518974797','1'
'5878','Elektro-regulacja foteli przednich w 8 kierunkach','1','1464486904','1518975301','1'
'5970','18" felgi aluminiowe','38','1464486938','1518974792','1'
'6043','Schowek na okulary','1','1464486993','1518974802','1'
'6087','Adaptacyjny elektryczne wspomaganie kierownicy (EPS)','1','1464487022','1518974796','1'
'6088','System aktywnej redukcji hałasu (ANC)','1','1464487023','1518974796','1'
'6089','Inteligentny system bez klucza dostępu do samochodu, uruchamiania i zatrzymywania silnika','1','1464487023','1518975301','1'
'6090','Auto-korekty kąta nachylenia lusterek podczas cofania','1','1464487023','1518974796','1'
'6091','Elektro-regulacja odcinka lędźwiowego oporu i bocznej wsparcia kierowcy','1','1464487023','1518975301','1'
'6092','Elektryczna regulacja przednich siedzeń','1','1464487023','1518974796','1'
'6093','Inteligentny wyświetlacz multi-information (i-MID, 5-cali)','17','1464487023','1518974796','1'
'6094','Opcjonalny wyświetlacz dotykowy','17','1464487023','1518974796','1'
'6095','Głośnomówiący z technologią Bluetooth','17','1464487023','1518974796','1'
'6097','System kontroli ruchu w pasie Lane Watch','32','1464487023','1518974796','1'
'6098','Masa perłowa','38','1464487023','1518974796','1'
'6099','Led światła mijania','43','1464487023','1518974796','1'
'6100','System aktywnej regulacji reflektorów (AFS)','43','1464487023','1518974796','1'
'6101','System kontroli świateł drogowych','43','1464487023','1518974796','1'
'6102','Podświetlenie strefy drzwi','43','1464487023','1518974796','1'
'6103','Wykonanie wnętrza SPORT (wystrój. nakładki, tapicerka siedzeń, czerwone podświetlenie zegarów)','46','1464487024','1518974796','1'
'6104','System zapobiegania kolizji (CMBS)','32','1464487026','1518974796','1'
'6105','Bateria o większej pojemności','135','1464487026','1518974796','1'
'6106','Czujnik poziomu płynu spryskiwaczy','1','1464487027','1518974796','1'
'6108','Elektro-regulacja odcinka lędźwiowego oporu fotela kierowcy','1','1464487027','1518975301','1'
'6109','Elektro-regulacja odcinka lędźwiowego oporu fotela pasażera','1','1464487027','1518975301','1'
'6110','Siatka oddzielająca do przewozu psów','1','1464487027','1518974796','1'
'6111','AUX-złącze','17','1464487027','1518974796','1'
'6112','Złącze USB z obsługą ipoda','17','1464487027','1518974796','1'
'6113','Inteligentny wyświetlacz multi','17','1464487027','1518975690','1'
'6114','Zamek pokrywy komory silnika HL','23','1464487027','1518974796','1'
'6115','Zamek PPC','23','1464487027','1518974796','1'
'6116','Nakrętki kół','23','1464487027','1518974796','1'
'6117','Fotelik — kategoria wagowa 1+ ISOFIX','26','1464487027','1518974796','1'
'6118','Fotelik — wagowa kategoria 2+3','26','1464487027','1518974796','1'
'6119','Fotelik — wagowa kategoria 2+3 KIDFIX','26','1464487027','1518974796','1'
'6120','Fotelik — kategoria wagowa 1+','26','1464487027','1518974797','1'
'6121','Mocowanie ISOFIX kategoria wagowa 0+','26','1464487027','1518974797','1'
'6122','Zabezpieczenie nadkoli (nadkole) - przedni prawy i lewy przedni','26','1464487027','1518974797','1'
'6123','Zabezpieczenie nadkoli (nadkole) - tylny prawy i tylny lewy','26','1464487027','1518974797','1'
'6124','Z przodu, na dole ochrona zderzaka','26','1464487027','1518974797','1'
'6125','Tylna dolna ochrona zderzaka','26','1464487028','1518974797','1'
'6126','Zestaw alarmowy','26','1464487028','1518974797','1'
'6127','System pomocy przy wzniesieniu (Hill Start Assist)','32','1464487028','1518974797','1'
'6128','System stabilizacji przyczepy','32','1464487028','1518974797','1'
'6129','Listwy boczne (czarne)','38','1464487028','1518974797','1'
'6130','Nakładki na lusterka boczne','38','1464487028','1518974797','1'
'6131','Metalowa listwa bagażnika','38','1464487028','1518974797','1'
'6132','Listwa drzwi','38','1464487028','1518974797','1'
'6133','Stalowa nakładka na zderzak','38','1464487028','1518974797','1'
'6134','Progi boczne','38','1464487028','1518974803','1'
'6135','Nakładki na progi drzwi','38','1464487028','1518974803','1'
'6136','Listwa tylnej klapy','38','1464487028','1518974803','1'
'6137','Nakładki na przednie lampy przeciwmgielne','38','1464487028','1518974803','1'
'6138','Zderzak przedni','38','1464487028','1518974803','1'
'6139','Zderzak tylny','38','1464487028','1518974803','1'
'6140','Końcówka na tłumik okrągły','38','1464487028','1518974803','1'
'6141','Końcówka na tłumik owalny','38','1464487028','1518974803','1'
'6142','Spojler tylnej klapy (Nie malowane)','38','1464487028','1518975447','1'
'6143','Spojler tylnej klapy (malowane)','38','1464487028','1518974803','1'
'6144','Owiewki drzwi','38','1464487028','1518974803','1'
'6145','Felgi aluminiowe 19" VEGA','38','1464487028','1518974803','1'
'6146','Felgi aluminiowe 18" LYRA','38','1464487028','1518974803','1'
'6147','Felgi aluminiowe 19" SIRIUS','38','1464487028','1518974804','1'
'6148','Felgi aluminiowe 17" ARMUS','38','1464487028','1518974804','1'
'6149','Felgi aluminiowe 19" ORION','38','1464487028','1518974804','1'
'6150','Uchwyt do transportu roweru — Classic','38','1464487028','1518974804','1'
'6151','Uchwyt do nart i snowboardu','38','1464487028','1518974804','1'
'6152','Uchwyt do transportu roweru na dachu samochodu','38','1464487028','1518974804','1'
'6153','Bagażnik box na dach - pojemność 350 l','38','1464487028','1518974805','1'
'6154','Bagażnik pasek','38','1464487028','1518974805','1'
'6155','Perforacji zaczep','38','1464487028','1518974805','1'
'6156','Wyjmowany hak holowniczy','38','1464487028','1518974805','1'
'6157','Transport rowerów na hak holowniczy urządzeniu','38','1464487028','1518975646','1'
'6158','Podświetlenie strefy nóg przednich pasażerów','43','1464487028','1518974805','1'
'6159','Zewnętrzne podświetlenie strefy przed przednimi drzwiami','43','1464487028','1518974805','1'
'6160','Podświetlenie strefy nóg pasażerów z tyłu','43','1464487028','1518974805','1'
'6161','Gniazdo zaczepu holowniczego 13 PIN','46','1464487028','1518974805','1'
'6162','Gniazdo zaczepu holowniczego 7 PIN','46','1464487028','1518974805','1'
'6163','Adapter Z 7 PIN NA 13 PIN','46','1464487028','1518974805','1'
'6164','Adapter z 13 PIN NA 2 X 7 PIN','46','1464487028','1518974805','1'
'6165','Poliuretanowe dywan wnętrza','46','1464487028','1518974805','1'
'6166','Dywaniki podłogowe STANDART - czarne','46','1464487028','1518974805','1'
'6167','Mata bagażnika (czarny)','46','1464487028','1518974805','1'
'6168','Poliuretanowy taca bagażnika','46','1464487029','1518974805','1'
'6169','Podłogowe, dywaniki gumowe przednie','46','1464487029','1518974805','1'
'6170','Podłogowe, dywaniki gumowe tylne','46','1464487029','1518974805','1'
'6171','Dywaniki podłogowe ELEGANCE - czarne/beżowe','46','1464487029','1518974805','1'
'6172','Koło zapasowe (dojechać)','135','1464487029','1518975301','1'
'6173','Dodatkowy przewód do zasilania przyczepy 12V','135','1464487029','1518974805','1'
'6174','Zamek pokrywy komory silnika','23','1464487030','1518974805','1'
'6175','Zabezpieczenie nadkoli (loker) (1szt.)','26','1464487030','1518974805','1'
'6176','System stabilizacji przyczepy (TSA)','32','1464487031','1518974805','1'
'6177','System kontroli ciśnienia w oponach (DWS)','32','1464487031','1518974805','1'
'6178','Listwy boczne w kolorze nadwozia)','38','1464487031','1518974805','1'
'6179','Spojler tylnej klapy (w kolorze nadwozia)','38','1464487031','1518974805','1'
'6181','Metalowa listwa bagażnika (zestaw 2szt.)','38','1464487031','1518974805','1'
'6182','Tylny zderzak','38','1464487031','1518974805','1'
'6183','Felgi aluminiowe 19" SIRIUS/ORION','38','1464487031','1518974805','1'
'6184','Podświetlenie strefy nóg pasażerów z tyłu (jasny/ciemny salon)','43','1464487031','1518974805','1'
'6185','Podświetlenie strefy drzwi (jasny/ciemny salon)','43','1464487031','1518974805','1'
'6186','Dywaniki podłogowe ELEGANCE - czarne/beżowe (zestaw 4szt.)','46','1464487031','1518974797','1'
'6187','Dywaniki podłogowe STANDART - czarne (zestaw 4szt.)','46','1464487031','1518974797','1'
'6188','Czujniki parkowania z boku','32','1464487039','1518974797','1'
'6189','Hi-Fi radio z odtwarzaczem płyt CD','17','1464487041','1518974797','1'
'6190','Master zestaw','23','1464487042','1518974797','1'
'6191','Ochrona chłodnicy (zestaw 3szt.)','26','1464487042','1518974797','1'
'6192','Listwy boczne','38','1464487042','1518974797','1'
'6193','Uchwyt do transportu roweru - Easy Fit','38','1464487042','1518974797','1'
'6194','Klimat kontrola inteligentny dwustrefowa','11','1464487044','1518974797','1'
'6195','System nawigacji HDD z systemem monitorowania ruchu','17','1464487044','1518974797','1'
'6196','Video-złącze','17','1464487044','1518974797','1'
'6197','Master zestaw / Master zestaw CLASSIC','23','1464487047','1518974797','1'
'6198','Wspomaganie hamowania (BA)','32','1464487047','1518974797','1'
'6199','Felgi aluminiowe 17" x 6.5 J','38','1464487047','1518974797','1'
'6200','Opony 225/65R17','38','1464487047','1518974797','1'
'6201','Metalowa nakładka na tylny zderzak','38','1464487047','1518974797','1'
'6202','Błotniki (przednie i tylne)','38','1464487047','1518974797','1'
'6203','Poliuretanowe dywan wnętrza CROSSTOUR','46','1464487047','1518974797','1'
'6204','Inteligentny system bez klucza dostępu','1','1464487048','1518975301','1'
'6205','Felgi aluminiowe 18" x 7J','38','1464487048','1518974797','1'
'6206','Opony 225/60R18','38','1464487048','1518974798','1'
'6218','Z regulacją wysokości mocowania pasów bezpieczeństwa','26','1464487052','1518974798','1'
'6281','Spryskiwacz przednich reflektorów','1','1464487091','1518974806','1'
'6330','Tapicerka siedzeń skóra Nappa','46','1464487100','1518974799','1'
'6506','Sportowa kierownica z organami zarządzania systemem utrzymania stałej prędkości jazdy i dźwiękiem','1','1464487453','1518974811','1'
'6507','Elektryczne podnośniki szyb drzwi z przyciskami sterowania z podświetleniem i trybem jednokrotnym naciśnięciu do podnoszenia/opuszczania','1','1464487453','1518974811','1'
'6508','Kontroler z 7" wyświetlaczem dla systemu audio, klimatyzacji','11','1464487453','1518974811','1'
'6509','Z komputera pokładowego, obrotomierz','17','1464487454','1518974811','1'
'6510','Dwukanałowa system audio Hi-Fi 08IT Bose 2.0 z 10 głośnikami o mocy 301 Wat','17','1464487454','1518974811','1'
'6511','Dwóch licznikach przednie poduszki bezpieczeństwa z czujnikami pasów bezpieczeństwa','26','1464487454','1518975935','1'
'6512','Boczne nadmuchiwane poduszki, zamontowane na przednich siedzeniach dla ochrony podczas zderzenia bocznego','26','1464487454','1518974811','1'
'6513','Przednie pasy bezpieczeństwa z napinaczami i ogranicznikami siły napięcia','26','1464487454','1518974811','1'
'6514','Kamera cofania + wyświetlacz parkingowy','32','1464487454','1518974811','1'
'6515','7-biegową automatyczną skrzynią biegów z trybem ręcznej zmiany biegów oraz z funkcją Downshift Rev Matching','32','1464487454','1518974811','1'
'6516','Hamulce sportowe','32','1464487454','1518974811','1'
'6517','Aluminiowe felgi, ze wszystko sezonowymi oponami','38','1464487454','1518975646','1'
'6518','Dach podłokietnik przedni o pojemności do przechowywania rzeczy, uchwyt na monety','46','1464487454','1518974811','1'
'6519','Ręczne regulacji w obszarze ramion i ud fotela kierowcy','1','1464487455','1518974811','1'
'6520','Wyświetlacz 8" do systemu audio i klimatyzacji','11','1464487455','1518974811','1'
'6521','System aktywnego "pomocą sterować tylnych kół Rear Active Steer (RAS)','32','1464487456','1518975646','1'
'6522','System identyfikacji potrzeby konserwacji','32','1464487456','1518974803','1'
'6523','Aluminiowe felgi 21" ze sportowej gumą','38','1464487456','1518974803','1'
'6524','Pomieszczenia do przechowywania','46','1464487456','1518974803','1'
'6525','Sportowy fotel kierowcy z regulacją w 8 kierunkach','1','1464487457','1518974803','1'
'6526','Ręczna regulacja podparcia lędźwiowego i szuflady wałka poduszki','1','1464487457','1518974803','1'
'6527','Sportowy fotel pasażera z regulacją w 8 kierunkach','1','1464487458','1518974803','1'
'6528','Kontroler z 8" wyświetlaczem dla systemu audio, klimatyzacji i przypomnienia o konieczności przeprowadzenia COŚ','11','1464487458','1518974803','1'
'6529','8" monitor + wbudowany w przedni panel z twardym dyskiem o pojemności 10 GB do odtwarzania plików muzycznych','17','1464487458','1518974803','1'
'6530','Adaptacyjny tempomat + system zapobiegający najechaniu na przeszkodę (Forward collision warning)','32','1464487458','1518974803','1'
'6531','Sportowy fotel pasażera z ręczną regulacją podparcia lędźwiowego i szuflady wałka poduszki','46','1464487458','1518974803','1'
'6532','Wykończenie wewnętrznych paneli dachu i sufitu w kolorze czarnym (tylko z kolorem wnętrza G/P)','46','1464487460','1518974803','1'
'6533','Aluminiowe felgi 20"','38','1464487462','1518974803','1'
'6534','Szyby z podświetleniem przycisków, kontroli i trybem jednokrotnym naciśnięciu do podnoszenia/opuszczania szyb i auto-rewers','1','1464487468','1518975935','1'
'6535','Pamięć ustawień lusterek bocznych z indywidualnymi zawieszkami systemu "Intelligent key"','1','1464487468','1518975691','1'
'6536','Pamięć ustawienia kierownicy z indywidualnymi zawieszkami systemu "Intelligent key"','1','1464487468','1518975691','1'
'6537','Pamięć ustawień fotela kierowcy z indywidualnymi zawieszkami systemu "Intelligent key"','1','1464487468','1518975691','1'
'6538','Sterownik Infiniti Jog Dial z 7" wyświetlaczem dla systemu audio, klimatyzacji i przypomnieniem o konieczności przeprowadzenia COŚ','11','1464487468','1518974803','1'
'6539','Dwukanałowa system audio Hi-Fi 08IT Bose 2.0 z wbudowanym w przedni panel z dyskiem twardym o pojemności 2 GB','17','1464487468','1518974803','1'
'6540','Niski rozmieszczenie mocowań i pasów dla dziecka','26','1464487470','1518974803','1'
'6541','3-punktowe przednie i tylne pasy bezpieczeństwa z ELR/ALR (dla kierowcy tylko ELR)','26','1464487470','1518974803','1'
'6542','System kontroli ciśnienia powietrza w oponach ze wskaźnikiem ciśnienia w każdym kole','32','1464487470','1518974803','1'
'6543','Równomiernie podświetlony samochód i przestrzeń wokół niego przy zbliżaniu i oddalaniu się od auta','43','1464487470','1518975935','1'
'6544','Wykończenie wnętrza drewnem Klonowym','46','1464487470','1518975646','1'
'6545','12V gniazdo w przednim podłokietniku','46','1464487470','1518974803','1'
'6546','Osłony przeciwsłoneczne z lusterkiem i podświetleniem i przedłużaczy zadaszeń','46','1464487470','1518974803','1'
'6547','Aktywny tempomat (ACC) ze sterowaniem na kierownicy','1','1464487470','1518974803','1'
'6548','Sterownik Infiniti Jog Dial z 8" wyświetlaczem dla systemu audio, klimatyzacji i przypomnienia o konieczności przeprowadzenia COŚ','11','1464487470','1518974803','1'
'6549','Rosyjski system nawigacji','17','1464487471','1518974803','1'
'6550','Ze wskaźnikiem ciśnienia w każdym kole','32','1464487471','1518974803','1'
'6551','Układ zmywania w zależności od prędkości pojazdu','1','1464487472','1518974803','1'
'6552','Sportowe zawieszenie z systemem zmiennej sztywności zawieszenia CDC','32','1464487472','1518974803','1'
'6553','Felgi aluminiowe 21" z letnimi oponami 265/45','38','1464487472','1518974803','1'
'6554','Rozkładany, kolorowy ekran, pilot ZDALNEGO sterowania, cyfrowe słuchawki bezprzewodowe','1','1464487474','1518974803','1'
'6555','Cyfrowe słuchawki bezprzewodowe','17','1464487474','1518974803','1'
'6556','Dwa cyfrowe bezprzewodowe słuchawki','17','1464487502','1518974803','1'
'6557','Rozkładany 9" kolorowy ekran','17','1464487502','1518974803','1'
'6558','Szyby z przyciskami sterowania i trybem jednokrotnym naciśnięciu do podnoszenia/opuszczania przednich szyb i auto-rewers','1','1464487505','1518975935','1'
'6559','Ekran, pilot ZDALNEGO sterowania, cyfrowe słuchawki bezprzewodowe','1','1464487505','1518974803','1'
'6560','Pomaga zachować integralność przedziału pasażerskiego po poważnych kolizjach','26','1464487506','1518974803','1'
'6561','Gniazdo w przednim podłokietniku','46','1464487507','1518974803','1'
'6562','Zamontowane na tylnej szybie rozstawione anteny','17','1464487510','1518974803','1'
'6563','Przycisk blokady otwierania bagażnika','23','1464487510','1518974803','1'
'6564','Luke z elektro-napędem nachylenia i przesunięcia, z funkcją anty-szczypta','38','1464487510','1518975451','1'
'6565','Wykończenie wnętrza aluminium Sekitai','46','1464487510','1518974805','1'
'6566','Aluminiowa listwa na konsoli środkowej i zegarów','46','1464487510','1518974805','1'
'6567','Rosyjski system nawigacji 08IT','17','1464487513','1518974805','1'
'6568','Chip-klucz','23','1464487513','1518974805','1'
'6569','Przednie fotele z regulacją temperatury','11','1464487521','1518974805','1'
'6570','Otwory wentylacyjne z płynnym wentylatorem wspomagane na górnym pasku','11','1464487521','1518974805','1'
'6571','System oczyszczania powietrza','11','1464487521','1518974805','1'
'6572','Rosyjski system nawigacji z HDD','17','1464487521','1518974805','1'
'6573','7-biegowa SKRZYNI ze sportowym trybem DS','32','1464487521','1518974805','1'
'6574','Kolor nadwozia, który jest odporny na drobne zarysowania','38','1464487522','1518975935','1'
'6575','Podwójne rury wylotowe z podwójnymi chromowanymi końcówkami','38','1464487522','1518974805','1'
'6576','Aluminiowe drzwi, pokrywa silnika i pokrywa bagażnika','38','1464487522','1518974805','1'
'6578','Urządzenia z obrysowe biało-fioletowym podświetleniem','43','1464487522','1518974805','1'
'6579','Wykończenie wnętrz wstawkami z czarnego lakieru Piano Black','46','1464487522','1518974805','1'
'6580','Siedzenia sportowe dla kierowcy i pasażera z boku obsługą','46','1464487522','1518974812','1'
'6581','Tylne boczki','1','1464487522','1518974812','1'
'6582','Układ regulacji nachylenia oparcia','1','1464487522','1518974812','1'
'6583','Sterowanie automatyczną klimatyzacją dla pasażerów z tyłu','1','1464487522','1518974812','1'
'6584','Dwustrefowa klimatyzacja nowej generacji','11','1464487522','1518974812','1'
'6585','Automatyczny tryb recyrkulacji powietrza i system Forest A/C (jonizator i oczyszczacz powietrza)','11','1464487522','1518974812','1'
'6586','Sterowanie systemem audio dla tylnych pasażerów','17','1464487522','1518974812','1'
'6587','Zamontowane na przedniej szybie rozstawione anteny','17','1464487522','1518974812','1'
'6588','Aluminiowe felgi 20", projekt 5 druty ze stopu aluminium','38','1464487523','1518974812','1'
'6589','System aktywnego "pomocą sterować 4 kół 4WAS','32','1464487524','1518975646','1'
'6590','Adaptacyjny tempomat z funkcją ograniczenia prędkości maksymalnej Speed limiter','32','1464487524','1518974812','1'
'6910','Mechaniczna regulacja fotela kierowcy na wysokość','1','1464487596','1518974811','1'
'7283','Nadkola w kolorze nadwozia','38','1464488102','1518974833','1'
'7383','8 poduszek powietrznych','26','1464488111','1518974835','1'
'7968','Tylne zawieszenie pneumatyczne','32','1464488287','1518974848','1'
'9178','Zainstalowane na dachu to dodatkowe nadmuchiwane poduszki kurtynowe','26','1464489021','1518974879','1'
'9185','4 gniazda 12V','46','1464489021','1518974879','1'
'9385','Alarm z czujnikiem ilości','23','1464489125','1518974887','1'
'9917','Zawieszenie ze sportowymi ustawieniami','32','1464489388','1518974896','1'
'10290','Tylne drzwi z napędem elektrycznym','1','1464489513','1518974895','1'
'11427','Wykończenie sufitu w kolorze czarnym','46','1464490350','1518974915','1'
'11494','Malowane w kolorze nadwozia klamki drzwi','38','1464490365','1518974924','1'
'11499','Tempomat z ogranicznikiem prędkości','32','1464490370','1518974925','1'
'13720','2 wysokiej częstotliwości głośnika (tweetery)','17','1464492306','1518974970','1'
'13721','Halogenowe światła do jazdy dziennej','43','1464492306','1518974970','1'
'13722','Malowanie lusterek i klamki drzwi w kolorze nadwozia','38','1464492307','1518974970','1'
'13723','Elektro-regulacja prawa siedzenia','1','1464492307','1518975315','1'
'13724','Inteligentny system uruchamiania i zatrzymywania silnika','1','1464492309','1518974970','1'
'13725','Fotelik - kategoria wagowa 0+','26','1464492310','1518974970','1'
'13726','Fotelik - kategoria wagowa 0+ Isofix','26','1464492310','1518974970','1'
'13727','Listwy przednie i tylne niemalowane','38','1464492310','1518974970','1'
'13728','Listwy przednie i tylne','38','1464492310','1518974970','1'
'13729','Listwy przednie i tylne w kolorze nadwozia','38','1464492310','1518974970','1'
'13730','Listwy boczne niemalowane','38','1464492310','1518974970','1'
'13731','Listwy boczne White Orchid P','38','1464492310','1518974970','1'
'13732','Boczne osłony','38','1464492310','1518974970','1'
'13733','Tylna spódnica','38','1464492310','1518974970','1'
'13734','Przednie spódnice','38','1464492310','1518974970','1'
'13735','Listwa słupka b','38','1464492310','1518974960','1'
'13736','Aluminiowa nakładka na zbiornik','38','1464492310','1518974960','1'
'13737','18" felgi ze stopu metali lekkich Krypton','38','1464492310','1518974960','1'
'13738','Felgi aluminiowe 18" Hydrogen','38','1464492310','1518974961','1'
'13739','17" felgi ze stopu metali lekkich Radium','38','1464492310','1518974961','1'
'13740','17" felgi ze stopu metali lekkich Cobalt','38','1464492311','1518974961','1'
'13741','16" felgi Aluminiowe Orbit','38','1464492311','1518974961','1'
'13742','Bagażnik box na dach - pojemność 430 l','38','1464492311','1518974961','1'
'13743','Mocowanie do bagażnika na dachu','38','1464492311','1518974961','1'
'13744','Podświetlenie przedniej strefy nóg (niebieska)','43','1464492311','1518974961','1'
'13745','Auto-lusterko która zamiana, cofania','46','1464492311','1518975675','1'
'13746','Dywaniki podłogowe Elegance','46','1464492311','1518974961','1'
'13747','Dywaniki podłogowe Standart','46','1464492311','1518974961','1'
'13748','Dodatkowe okablowanie','135','1464492311','1518974961','1'
'13749','Hi-Fi radio z odtwarzaczem płyt CD i USB/wejście AUX','17','1464492311','1518974961','1'
'13750','System pomocy przy pochyłościach (HSA)','32','1464492311','1518974961','1'
'13751','Zdalne sterowanie boczne lusterka i szyby','1','1464492312','1518974961','1'
'13752','auto-napęd tylnych podnośników szyb','1','1464492312','1518975315','1'
'13753','Głośniki niskotonowe - tweeters','17','1464492312','1518975928','1'
'13754','Niebieskie podświetlenie wnętrza w drzwiach','43','1464492313','1518974961','1'
'13755','Wskaźnik optymalnego momentu zmiany biegu (SIL)','32','1464492317','1518974961','1'
'13756','Aluminiowa dźwignia zmiany BIEGÓW z wykończeniem z czarnej skóry','46','1464492318','1518975676','1'
'13757','Obsługa USB + iPod','17','1464492319','1518974961','1'
'13758','Inteligentny system Stop/Start"','1','1464492320','1518974961','1'
'13759','MP3 AUX JACK','17','1464492322','1518974961','1'
'13767','Tryb ograniczenia maksymalnej prędkości Speed limiter','32','1464492371','1518974961','1'
'13768','Niskoprofilowe opony klasy V','38','1464492371','1518974961','1'
'13769','Wykończenie drewnem','46','1464492371','1518974961','1'
'13770','Tapicerka wnętrza z naturalnej skóry "Wheat"','46','1464492373','1518975676','1'
'13771','Wykończenie wnętrza ekskluzywnego drewna jesion japoński','46','1464492373','1518974961','1'
'13772','Tapicerka z powrotem na korozję (japoński jesion)','46','1464492374','1518974961','1'
'13773','Informacyjno-rozrywkowe Infiniti dla pasażerów tylnego rzędu siedzeń','17','1464492375','1518974961','1'
'13774','Układ regulacji pochylenia oparcia tylnej kanapy','1','1464492376','1518974961','1'
'13775','Sterowanie klimatyzacją dla pasażerów z tyłu','1','1464492377','1518974961','1'
'13776','Wykończenie drewnem i Bubinga','46','1464492380','1518975676','1'
'13777','8" rozkładany, kolorowy ekran, pilot ZDALNEGO sterowania, cyfrowe słuchawki bezprzewodowe','1','1464492380','1518974961','1'
'13778','Zawieszenie ze sportowym trybem DS','32','1464492380','1518974962','1'
'13779','Wykończenie wnętrza skórą, drewnem, alcantera (Premium Interior)','46','1464492381','1518975676','1'
'13780','Kierownica z wykończeniem ze skóry i drewna','1','1464492381','1518974962','1'
'13781','Podwójne składane lusterka zewnętrzne','1','1464492381','1518974962','1'
'13782','Regulacja prawa siedzenia w 10 kierunkach, pasażera w 8 kierunkach','1','1464492381','1518974962','1'
'13783','Etui na okulary, CD, DVD','1','1464492381','1518974962','1'
'13784','Klimat kontrola 4 strefowy auto-tryb recyrkulacji powietrza i systemem Plasma Cluster, ze sterowaniem dla pasażerów z tyłu','11','1464492381','1518975676','1'
'13785','Ogrzewanie foteli 2 rzędu','11','1464492381','1518974962','1'
'13786','Dwukanałowa system audio Hi-Fi 08IT Bose 2.0 z wbudowanym w przedni panel z dyskiem twardym o pojemności 10 GB','17','1464492381','1518974962','1'
'13787','Ulepszona alarm z czujnikiem ilości','23','1464492381','1518974962','1'
'13789','Zabezpieczenie komory silnika od spodu','26','1464492382','1518974962','1'
'13790','Kamera cofania z rozszerzonym ankietą','32','1464492382','1518974962','1'
'13791','Nowa instalacja hydrauliczna system kontroli ruchów nadwozia (HBMC)','32','1464492382','1518974962','1'
'13792','System ostrzegania/zapobiec opuszczeniu pasa ruchu Lane Departure Warning/Prevention','32','1464492382','1518974962','1'
'13793','Ulepszone hamulce tarczowe z przodu i z tyłu, z ABS','32','1464492382','1518975676','1'
'13794','W pełni niezależne zawieszenie','32','1464492382','1518974962','1'
'13795','Zaawansowany system napędu All-Mode (AWD)','32','1464492382','1518975676','1'
'13796','Drzwi z wykończeniem ze skóry naturalnej/drewna z aluminiowymi uchwytami','38','1464492382','1518974971','1'
'13797','Felgi aluminiowe 22", opony całoroczne wymiar 275/50','38','1464492382','1518974971','1'
'13798','6 sufitowe sufity oświetlenie wnętrza','43','1464492382','1518974971','1'
'13799','2 rzędzie kapitańskie siedzenia z indywidualnymi podłokietnikami','46','1464492382','1518975676','1'
'13800','Uchylne podłokietniki siedzeń w drugim rzędzie','46','1464492382','1518974971','1'
'13801','Mobilna konsola centralna z uchwytem na kubek i schowkiem na PC','46','1464492382','1518974971','1'
'13802','Do bagażu komora do przechowywania długopisów, CD, telefonu komórkowego','46','1464492382','1518975659','1'
'13803','Przednie i tylne tkany dywaniki podłogowe','46','1464492382','1518974971','1'
'13804','Akumulator do ciężkich warunków pracy','135','1464492382','1518974971','1'
'13805','8 lokalny salon','46','1464492384','1518974971','1'
'13806','System Bose Cabin Surround 5.1 z 15 głośnikami','17','1464492385','1518974971','1'
'13807','System Intelligent Key (chip-klucz)','23','1464492385','1518974971','1'
'13808','Fotel kierowcy z 10 elektrycznymi przepisami','1','1464492387','1518974971','1'
'13809','Fotel pasażera z 8 elektrycznymi przepisami','1','1464492387','1518974971','1'
'13810','VGA wyświetlacz 8" do systemu audio, klimatyzacji i przypomnienia o konieczności przeprowadzenia konserwacji','11','1464492387','1518974971','1'
'13811','Dwukanałowa system audio Hi-Fi Bose 2.0','17','1464492387','1518974971','1'
'13812','Zamontowana na tylnej szybie antena','17','1464492387','1518974971','1'
'13813','Funkcja surround sound Driver audio stage','17','1464492387','1518974971','1'
'13814','Od deportacja stabilna konstrukcja Super lock + Full Thatcham','23','1464492387','1518975676','1'
'13815','Poduszki powietrzne czujniki pasów bezpieczeństwa','26','1464492387','1518974971','1'
'13816','Poduszki powietrzne czujnik rozpoznawania obecności pasażera','26','1464492387','1518974971','1'
'13817','Chromowana atrapa chłodnicy Infiniti','38','1464492388','1518974971','1'
'13818','Felgi aluminiowe 22"','38','1464492388','1518974971','1'
'13819','Opony całoroczne wymiar 275/50 R22','38','1464492388','1518974971','1'
'13820','Błotniki w kolorze nadwozia przód/tył w standardzie','38','1464492388','1518974971','1'
'13821','Optitronnye urządzenia z biało-fioletowym podświetleniem Fine vision','43','1464492388','1518975676','1'
'13822','Drzwi z wykończeniem ze skóry naturalnej/drzewa','46','1464492388','1518974971','1'
'13823','Aluminiowe uchwyty do otwierania drzwi','46','1464492388','1518974971','1'
'13824','Mobilna konsola centralna z uchwytem na kubek','46','1464492388','1518974971','1'
'13825','Konsola środkowa: schowek na PC','46','1464492388','1518974971','1'
'13826','Komora do przechowywania telefonu komórkowego','46','1464492388','1518974971','1'
'13827','Do bagażu schowek na długopisy, płyty CD','46','1464492388','1518975659','1'
'13828','System Audio Bose Cabin Surround 5.1','17','1464492391','1518974971','1'
'13829','System zarządzający martwymi punktami (BSI)','32','1464492391','1518974971','1'
'13958','Składany kluczyk','23','1464492460','1518974973','1'
'14588','Czarne wykończenie reflektorów przeciwmgłowych','38','1464493094','1518974992','1'
'15306','Os woźny','1','1464494186','1518974995','1'
'15307','Przedni woźny','1','1464494186','1518974995','1'
'15308','Elektrycznie składanie podwójne lusterka zewnętrzne','1','1464494186','1518974995','1'
'15309','Tylne sterowanie systemem klimatyzacji','1','1464494186','1518974995','1'
'15310','Rozbudowany system pamięci, zsynchronizowana z i-key','1','1464494186','1518974995','1'
'15311','4 klimatyzacja automatyczna z funkcją automatycznego trybu recyrkulacji powietrza i systemem Plasma Cluster','11','1464494186','1518974995','1'
'15312','Ogrzewanie siedzeń 1 i 2 rzędów','11','1464494186','1518974995','1'
'15313','Centralny wyświetlacz transfer z komputera na desce rozdzielczej w języku polskim','17','1464494186','1518974995','1'
'15314','Informacyjno-rozrywkowe Infiniti z zainstalowaną w zagłówkach przednich foteli dwoma 7" kolorowym ekranem','17','1464494186','1518974995','1'
'15315','Sterownik Infiniti z 8" wyświetlaczem VGA','17','1464494186','1518974995','1'
'15316','Dodatkowe nadmuchiwane boczki do ochrony przednich i skrajnych tylnych pasażerów w przypadku zderzenia bocznego','26','1464494186','1518974995','1'
'15317','3-punktowe pasy bezpieczeństwa z ELR/ALR na 3 rzędy','26','1464494187','1518974995','1'
'15318','Przednie i tylne stabilizatory','32','1464494187','1518974995','1'
'15319','Odpowietrznik właz w dachu samochodu z funkcją automatycznego otwarcia','38','1464494187','1518974995','1'
'15320','Przyciemniane szyby (tylne boczne, podnoszona tylna klapa nadwozia)','38','1464494187','1518974995','1'
'15321','Lampy oświetlenie w lusterkach bocznych','43','1464494187','1518974995','1'
'15322','Oświetlenie przestrzeni dla nóg','43','1464494187','1518974995','1'
'15323','Funkcja automatycznego opuszczania i podnoszenia szyb z podświetleniem','43','1464494187','1518974995','1'
'15385','Sportowe kierownica i fotele ze wzmocnionym bocznym','1','1464494472','1518975009','1'
'15386','Skórzane siedzenie kierowcy elektrycznie ustawiany w 8 kierunkach, z elektryczną regulacją wałków ramion i ud','1','1464494472','1518975009','1'
'15387','Skórzany fotel pasażera elektrycznie sterowane w 8 kierunkach','1','1464494472','1518975009','1'
'15388','Dwukanałowa system audio Hi-Fi 08IT Bose 2.0 AM/FM, RDS, MP3, WMA z 10 głośnikami o mocy 301W','17','1464494473','1518975009','1'
'15389','Dookólna antena zintegrowana w tylnej szybie','17','1464494473','1518975009','1'
'15390','Zainstalowane w górnej części otworów drzwiowych dodatkowe nadmuchiwane poduszki kurtynowe','26','1464494473','1518975009','1'
'15391','Trzy-punktowe przednie pasy bezpieczeństwa z funkcją przed awaryjnego otwierania, ogranicznikami napięcia','26','1464494473','1518975680','1'
'15392','Tylny napęd + samoblokujący mechanizm różnicowy ze sprzęgłem lepkości (VLSD)','32','1464494473','1518975009','1'
'15393','Hamulce sportowe z logo Infinit','32','1464494473','1518975009','1'
'15394','7 biegową automatyczną skrzynią biegów z trybem ręcznej zmiany biegów, sportowym trybem DS i funkcją Downshift Rev Matching','32','1464494473','1518975009','1'
'15395','Sama zaciąga się lakier','38','1464494473','1518975680','1'
'15396','Tylny sportowy spoiler zintegrowany z pokrywą bagażnika','38','1464494473','1518975009','1'
'15397','19" felgi aluminiowe, opony letnie wymiarze 225/45R19 245/40 R19 z przodu i z tyłu','38','1464494473','1518975009','1'
'15398','Wstawki na konsoli środkowej i zegarów z aluminium z teksturą w stylu ekskluzywnej japońskiej papieru czerpanego Wash','46','1464494473','1518975009','1'
'15399','4-osobowy pokój gościnny','46','1464494473','1518975009','1'
'15400','Analogowy zegarek kwarcowy','46','1464494473','1518974996','1'
'15401','Rosyjski system nawigacji z dyskiem DVD','17','1464494474','1518974996','1'
'15402','Elektryczna regulacja poduszek fotela kierowcy w obszarze ramion i ud + ręczna regulacja szuflady wałka poduszki','1','1464494475','1518974996','1'
'15403','Regulacja położenia fotela kierowcy z 8 stopniami swobody z silnikiem i ręczną regulacją odcinka lędźwiowego','1','1464494475','1518974996','1'
'15404','Regulacja siedzenia pasażera z 8 stopniami swobody z silnikiem i ręczną regulacją szuflady wałka poduszki','1','1464494475','1518974996','1'
'15405','Adaptacyjny klimat kontrola Plasma Claster z mikro-filtracji i węgla wnętrza filtrem','11','1464494475','1518975678','1'
'15406','Przednie fotele z podgrzewaniem i wentylacją (z nowym projektem przycisków)','11','1464494475','1518974996','1'
'15407','Nawigacja 08IT HDD+IPOD/USB + Bluetooth','17','1464494475','1518974996','1'
'15408','Dwukanałowa system audio Hi-Fi Bose Open Air 08IT HDD z AM/FM, RDS, USB/IPOD, 13 głośników, sterowanie na kierownicy','17','1464494475','1518974996','1'
'15409','Informacje o ruchu drogowym RDS-TMC','17','1464494475','1518974996','1'
'15410','Kolorowy monitor z kamerą cofania','17','1464494475','1518974996','1'
'15411','Pasy bezpieczeństwa z funkcją automatycznej blokady ELR/ALR','26','1464494476','1518974996','1'
'15412','Wskaźnik ostrzeżenia o otwartych drzwiach','32','1464494476','1518974996','1'
'15413','Gumtree przedni zderzak i progi boczne','38','1464494476','1518974996','1'
'15414','Wykończenie wnętrza specjalną czerwoną skórą Monaco Red','46','1464494477','1518974996','1'
'15415','Wykończenie wnętrza czerwonym drzewem Klonu','46','1464494477','1518975660','1'
'15416','Wykończenie wnętrza specjalnej szaro-niebieską skórą','46','1464494478','1518974996','1'
'15417','Wykończenie wnętrza aluminium Silk Obi (japoński jedwab)','46','1464494478','1518974996','1'
'15430','Spoiler','38','1464494484','1518974996','1'
'16386','Napęd drzwi bagażnika','1','1464495363','1518975035','1'
'16387','System nawigacji DVD','17','1464495363','1518975035','1'
'16388','Zmieniarka CD (6 płyt)','17','1464495363','1518975035','1'
'16390','Układ siedzenia kierowcy i pasażera','1','1464495365','1518975035','1'
'16391','Szyna do mocowania bagażnika na dachu','38','1464495365','1518975035','1'
'16392','Koło zapasowe - pełnowymiarowe koło kółkach','135','1464495365','1518975035','1'
'16434','Aerodynamiczne nakładki','38','1464495433','1518975023','1'
'16435','System oświetlenia sektora obrotu','43','1464495433','1518975023','1'
'16436','W połączeniu wykończenie (materiał + skóra)','46','1464495433','1518975023','1'
'16437','Sterowanie systemem audio na kierownicy z podświetleniem','17','1464495435','1518975023','1'
'16438','W połączeniu wykończenia siedzenia (alcantara+materiał)','46','1464495435','1518975023','1'
'16439','Ręczna regulacja fotela kierowcy (6 np.) i pasażera z przodu (4 np.)','1','1464495438','1518975023','1'
'16440','System stabilizacji toru jazdy (VSA) c przeciw blokowanie systemu','32','1464495438','1518975688','1'
'16441','Lusterka asferyczne','38','1464495439','1518975023','1'
'16442','Lampy ksenonowe z auto-regulacją','43','1464495439','1518975453','1'
'16443','Kute felgi 15"','38','1464495440','1518975023','1'
'16444','Podłokietnik dla kierowcy','46','1464495441','1518975023','1'
'17201','Netto atrapa chłodnicy Type-R','38','1464496275','1518975145','1'
'17523','Led reflektor dalekosiężny','43','1464496568','1518975148','1'
'17932','Mechaniczna regulacja fotela pasażera z regulacją wysokości','1','1464496935','1518975149','1'
'17933','Złącze HDMI','17','1464496935','1518975149','1'
'17934','W połączeniu tapicerka (alcantara+skóra)','46','1464496936','1518975149','1'
'17935','Auto korekcja nachylenia lusterek podczas cofania','1','1464496936','1518975149','1'
'18521','Kierownica z oplotem ze skóry naturalnej, regulacją długości i kąta kolumną kierownicy','1','1464497544','1518975162','1'
'18522','Elektryczna regulacja i składanie lusterek bocznych','1','1464497544','1518975162','1'
'18523','auto-napęd do zamknięcia bagażnika','1','1464497544','1518975316','1'
'18524','Przednie fotele z regulacją temperatury za sprawą wewnętrznej wentylacji, który zapewnia zarówno ogrzewanie, jak i chłodzenie','11','1464497544','1518975162','1'
'18525','Monitor temperatury zewnętrznej','17','1464497544','1518975162','1'
'18526','3 punktowe pasy bezpieczeństwa z ELR/ALR (dla kierowcy tylko ELR)','26','1464497544','1518975162','1'
'18527','3 punktowe przednie pasy bezpieczeństwa z regulacją wysokości, napinaczami i ogranicznikami siły napięcia','26','1464497544','1518975162','1'
'18528','Tempomat z funkcją ograniczenia prędkości maksymalnej Speed limiter','32','1464497545','1518975162','1'
'18529','Skrzynia biegów 7 AT + tryb sportowy DS na SKRZYNI','32','1464497545','1518975162','1'
'18530','Nowy wygląd zewnętrzny','38','1464497545','1518975162','1'
'18531','Aluminiowe felgi 18", niskoprofilowe opony letnie wymiarze 245/50R18 klasy V','38','1464497545','1518975162','1'
'18532','Ksenonowe reflektory, auto-regulacją poziomu nachylenia, z systemem adaptacyjnego oświetlenia drogi (AFS)','43','1464497545','1518975453','1'
'18533','Nowy projekt wnętrz','46','1464497545','1518975162','1'
'18534','Dwustrefowa klimatyzacja nowej generacji z automatycznym trybie recyrkulacji powietrza i systemem Forest A/C','11','1464497545','1518975162','1'
'18536','Napęd na wszystkie koła ATTESA E-TS (AWD)','32','1464497548','1518975162','1'
'18537','System audio najwyższej klasy Bose 5.1 z AM/FM, RDS, dyskiem twardym o pojemności 10 GB, MP3 i WMA z 16 głośnikami 391W','17','1464497549','1518975162','1'
'18538','Informacyjno-rozrywkowe Infiniti z zainstalowaną w zagłówkach przednich foteli dwoma 7" kolorowym ekranem','1','1464497550','1518975162','1'
'18698','Sufit w kolorze czarnym','46','1464497594','1518975159','1'
'20469','Regulowana kolumna kierownicy startu','1','1464499623','1518975194','1'
'20470','Kolumna kierownicy regulowana na wysokość','1','1464499623','1518975194','1'
'20471','Lycanthropy  kierownica','1','1464499623','1518975928','1'
'20472','Elektro-regulacja podparcia lędźwiowego siedzenia kierowcy','1','1464499623','1518975314','1'
'20473','Natywny system nawigacji','17','1464499624','1518975194','1'
'20474','Karbonowa osłona chłodnicy','38','1464499624','1518975672','1'
'20475','Haftowane logo Vettel edition na oparciach siedzeń','38','1464499624','1518975186','1'
'20476','Tylny dolny spojler z włókna węglowego','38','1464499624','1518975186','1'
'20477','Aerodynamiczny body kit z karbonową wykończenia','38','1464499624','1518975928','1'
'20478','Przedni spoiler z włókna węglowego','38','1464499624','1518975186','1'
'20479','Szkła z filtrem UV','38','1464499624','1518975186','1'
'20480','Felgi 21" BBS','38','1464499624','1518975186','1'
'20481','Włókna węglowego tylny spoiler','38','1464499624','1518975186','1'
'20482','Tylne światło przeciwmgłowe w stylu bolidu formuły 1','43','1464499624','1518975186','1'
'20483','Skóra z fioletowej pro-przeszyciami i materiałem Alcantara','46','1464499624','1518975672','1'
'20484','Lusterka w karboksylowy wykończeniu','46','1464499624','1518975928','1'
'20485','Progi boczne z włókna węglowego','46','1464499624','1518975186','1'
'20486','Wykończenie karbon na drzwiach,z przodu panelu,panelu SKRZYNI i schowku','46','1464499624','1518975549','1'
'20487','Fioletowa pro-przeszycia na kierownicy, dźwigni SKRZYNI, podłokietniku i klamki','46','1464499625','1518975186','1'
'20488','Kieszenie do przechowywania map drogowych na oparciach siedzeń','46','1464499625','1518975186','1'
'20489','Elektro-regulacja poduszek fotela kierowcy w obszarze ramion i ud','1','1464499625','1518975314','1'
'20490','Regulacja foteli przednich w 8 kierunkach + ręczna regulacja szuflady wałka poduszki','1','1464499625','1518975186','1'
'20491','Adaptacyjny klimat kontrola Plasma Claster z mikro-filtracji','11','1464499625','1518975549','1'
'20492','Wentylacja przednich foteli z nowym projektem przycisków','11','1464499625','1518975186','1'
'20493','Dwukanałowa system audio Hi-Fi Bose Open Air0 8IT HDD','17','1464499625','1518975186','1'
'20494','Sterowanie systemem audio w kierownicy + funkcja Driver audio stage','17','1464499625','1518975186','1'
'20495','Przed-napinacze pasów bezpieczeństwa z funkcją automatycznej blokady ELR/ALR','26','1464499625','1518975186','1'
'20496','Regulacja foteli przednich w 8 kierunkach + elektryczna regulacja wałków w obszarze ramion i ud','1','1464499628','1518975186','1'
'20497','Fotele ze wzmocnionym bocznym','46','1464499628','1518975186','1'
'20498','Automatycznie składane tylne siedzenia z przyciskami podnoszenia na środkowej konsoli','1','1464499630','1518975186','1'
'20499','Automatycznie składane tylne siedzenia z przyciskami systemem podnoszenia/opuszczania w bagażniku','1','1464499630','1518975186','1'
'20500','Fotel kierowcy i pasażera z regulacją w 8 kierunkach z regulacją w 8 kierunkach i napędem elektrycznym','1','1464499630','1518975186','1'
'20501','Niskoprofilowe opony letnie wymiarze 225/55R18','38','1464499631','1518975187','1'
'20502','Ksenonowe reflektory, auto-regulacją kąta pochylenia','43','1464499631','1518975453','1'
'20503','Przedni podłokietnik ze zbiornikiem do przechowywania rzeczy','46','1464499631','1518975187','1'
'20504','Urazy. naturalną skórą fotel kierowcy z regulacją w 8 kierunkach, elektrycznie)','1','1464499633','1518975672','1'
'20505','Tapicerowane naturalną skórą fotel pasażera z przodu (z regulacją w 6 kierunkach i elektryczny)','1','1464499633','1518975672','1'
'20506','trzy strefy klima dwustrefowa, z automatycznym trybie recyrkulacji powietrza','11','1464499633','1518975314','1'
'20507','Sterownik Infiniti z 7" wyświetlaczem dla systemu audio, klimatyzacji i przypomnienia o konserwacji','17','1464499633','1518975187','1'
'20508','System audio AM/FM, RDS, wbudowanym w panel dyskiem twardym o pojemności 2GB, obsługa MP3 i WMA z 6 głośnikami IPOD/USB, Bluetooth','17','1464499633','1518975187','1'
'20509','System Super lock + pełna zgodność z wymaganiami Thatcham','23','1464499634','1518975187','1'
'20510','System napędu na cztery koła All-mode 4WD','32','1464499634','1518975187','1'
'20511','CVT Cvt nowej generacji Xtronic','32','1464499634','1518975549','1'
'20512','Na oświetlone aluminiowe nakładki progów drzwi','38','1464499634','1518975187','1'
'20513','18" felgi aluminiowe (235/65R18)','38','1464499634','1518975187','1'
'20514','Zbiornik paliwa o pojemności 74 l','135','1464499634','1518975672','1'
'20515','Zaawansowany system klimatyzacji Plasma Cluster z jonizatorem i czyszczenia powietrza Clean Air Vehicle (CAV)','11','1464499636','1518975187','1'
'20516','System audio Bose 5.1 Surround Sound z 14 głośnikami o mocy 372W','17','1464499636','1518975187','1'
'20517','System utrudnieniach AVM + czujniki parkowania z przodu i z tyłu','32','1464499636','1518975187','1'
'20519','Dwukanałowa system audio Hi-Fi 08IT Bose z 12 głośnikami o mocy 358W i subwooferem i dyskiem 10 GB','17','1464499639','1518975187','1'
'22126','Zbiornik paliwa o pojemności 90 l','135','1464502090','1518975213','1'
'22450','Sportowy układ wydechowy','38','1464502479','1518975221','1'
'23826','19" felgi aluminiowe 245/45R19','38','1466476469','1518975250','1'
'23827','Prostowniki do wzmacniaczy zakrętów','43','1466476470','1518975250','1'
'23881','5-ramienne obręcze kół 20" felgi ze stopu aluminium, z oponami 245/40 R20','38','1468750888','1518975261','1'
'23887','Ochronna tylnego zderzaka','26','1468756388','1518975261','1'
'23888','Lusterka w kolorze nadwozia','38','1468756390','1518975261','1'
'23889','Chromowana atrapa chłodnicy Infiniti nowego projektu','38','1468756391','1518975261','1'
'23890','Nowy przedni zderzak','38','1468756391','1518975261','1'
'23891','Led przednie reflektory z auto-regulacją kąta pochylenia reflektorów','43','1468756392','1518975453','1'
'23892','System adaptacyjnych reflektorów Smart Beam','43','1468756392','1518975261','1'
'23893','5 sufitowe sufity','43','1468756393','1518975261','1'
'24219','Regulacja prawa siedzenia w 10 kierunkach, pasażera w 10 kierunkach','1','1469154367','1518975270','1'
'24220','Tylne światła wykonane w technologii led (LED) nowego projektu','43','1469154370','1518975270','1'
'24221','Wykończenie wnętrza wstawkami z japońskiego jesion','46','1469154371','1518975270','1'
'24231','Sportowa kierownica','1','1469154413','1518975270','1'
'24232','System zapobiegania kolizji Forward Emergency Braking (FEB) i " Predictive Forward Collision Warning System (PFCW)','32','1469154416','1518975270','1'
'24249','Elektro-regulacja fotela kierowcy w 8 kierunkach','1','1469154489','1518975316','1'
'24250','Elektro-regulacja fotela pasażera w 4 kierunkach','1','1469154490','1518975316','1'
'24251','Inteligentny system sterowania ciągiem (ITM)','32','1469154491','1518975271','1'
'24252','Rozrywkowy multimedia-system dla pasażerów drugiego rzędu','17','1469154496','1518975449','1'
'24253','Hi-Fi-radio z odtwarzaczem DVD','17','1469154496','1518975271','1'
'24393','Automatycznie składane tylne siedzenia z przyciskami systemem podnoszenia/opuszczania w bagażniku oraz na konsoli centralnej','1','1469155922','1518975264','1'
'24394','Dwustrefowa klimatyzacja z automatycznym trybie recyrkulacji powietrza i systemem Plasma Cluster','11','1469155923','1518975264','1'
'24395','Dwukanałowa system audio Hi-Fi 08IT HDD Bose z radiem AM/FM, RDS, 6CD-zmieniarka w konsoli środkowej, MP3, WMA z 11 głośnikami','17','1469155923','1518975264','1'
'24396','Nowe lusterka z wbudowanymi diodowy do wzmacniaczy zakrętów','38','1469155925','1518975931','1'
'24397','Chromowana atrapa chłodnicy nowego projektu','38','1469155926','1518975264','1'
'24398','Nowy przedni i tylny zderzak','38','1469155926','1518975264','1'
'24399','Aluminiowe relingi dachowe','38','1469155927','1518975931','1'
'24569','System Era-Glonass','26','1471850178','1518975276','1'
'25453','Bardziej ostre zarządzanie i uporem opony na bardziej komfortową jazdę i lepszej obsługi','1','1477099254','1518975319','1'
'25454','Wycieraczka z trybem pracy przerywanej, niezależnych od prędkości samochodu','1','1477099255','1518975319','1'
'25455','Antena na dachu w kształcie "płetwy rekina"','17','1477099257','1518975453','1'
'25456','Inteligentny system wspomagania awaryjnego hamowania (FEB)','32','1477099258','1518975319','1'
'25457','Zaawansowane amortyzatory i sprężyny do lepszej obsługi','32','1477099259','1518975319','1'
'25458','Nowa konstrukcja tylnej klapy','38','1477099260','1518975319','1'
'25459','Przedni i tylny zderzak nowego projektu','38','1477099261','1518975319','1'
'25460','Nowe chromowane elementy konstrukcji nadwozia','38','1477099261','1518975319','1'
'25461','Nowy projekt przednich i tylnych reflektorów z diody obwodu oświetlenia (LED)','38','1477099262','1518975453','1'
'25462','Szkła z lepszą akustyczną','38','1477099262','1518975319','1'
'25463','Przednie diodowe światła przeciwmgielne (LED)','43','1477099263','1518975319','1'
'25464','Na oświetlone lampy sufitowe uchwyty drzwi przednich','43','1477099263','1518975319','1'
'25465','Miękki plastik w górnej części panelu, nowy projekt wykończenia foteli, bardziej wygodne rozmieszczenie klawiszy ustawień pamięci foteli','46','1477099264','1518975319','1'
'25466','Nowy projekt dźwigni cvt Xtronic','46','1477099264','1518975927','1'
'25467','Zbiornik paliwa o pojemności 73 l','135','1477099265','1518975319','1'
'25468','18" felgi aluminiowe (235/65 R18) nowego projektu','38','1477099275','1518975319','1'
'25573','Multi-funkcjonalny koło kierownicy z manualną regulacją położenia','1','1477100230','1518975317','1'
'25574','Regulacja fotela pasażera w 4 kierunkach','1','1477100230','1518975317','1'
'25575','Rozpoznawanie głosu','1','1477100231','1518975317','1'
'25576','Podgrzewanie wtryskiwaczy','11','1477100231','1518975317','1'
'25577','Boczne lusterka zewnętrzne podgrzewane i fotochromatyczne','11','1477100231','1518975317','1'
'25578','Dwa porty USB + Bluetooth','17','1477100232','1518975317','1'
'25579','Zagłówki z manualną regulacją w 4 pozycjach','26','1477100232','1518975317','1'
'25580','Ogranicznik prędkości','26','1477100233','1518975317','1'
'25581','Przełącznik Eco-Sport trybu napędowego','32','1477100233','1518975317','1'
'25582','Automatyczna skrzynia biegów 7G-DCT z podwójnym sprzęgłem','32','1477100234','1518975317','1'
'25584','Siatka do mocowania przedmiotów w bagażniku','38','1477100234','1518975317','1'
'25585','Oświetlenie przestrzeni bagażnika','43','1477100236','1518975317','1'
'25586','Podświetlenie klawiatury w kolorze białym w okolicy pedałów','43','1477100236','1518975317','1'
'25587','Obite naturalną skórą fotel kierowcy z regulacją w 8 kierunkach i z regulacją odcinka lędźwiowego) i pasażera','46','1477100236','1518975317','1'
'25588','Asymetryczny podłokietnik przedni','46','1477100237','1518975317','1'
'25589','Podwójne gniazda 12V na konsoli z przodu i z tyłu','46','1477100237','1518975319','1'
'25590','Siatka do przechowywania rzeczy na konsoli od strony pasażera','46','1477100237','1518975319','1'
'25591','Uchwyty na butelki w drzwiach z przodu i z tyłu','46','1477100237','1518975319','1'
'25592','System oszczędzania paliwa Start / Stop','135','1477100238','1518975319','1'
'25678','System pamięci ustawień fotela kierowcy, kolumny kierownicy i lusterek bocznych','1','1477101437','1518975329','1'
'25679','Właz do przewozu nart','1','1477101438','1518975329','1'
'25680','System utrudnieniach AVM + system wspomagania parkowania','32','1477101441','1518975329','1'
'25681','Lusterka boczne w kolorze srebrnym','38','1477101442','1518975329','1'
'25682','Chromowana listwa w bagażniku','38','1477101442','1518975329','1'
'25683','Chromowane nakładki na progi i pedały','38','1477101443','1518975329','1'
'25684','Błyszczące, czarne osłony nadkoli, boczne i osłona chłodnicy','38','1477101443','1518975329','1'
'25685','Felgi aluminiowe z czerwonymi akcentami','38','1477101443','1518975328','1'
'25686','Dioda led podświetlenie wnętrza','43','1477101445','1518975328','1'
'25687','Wykończenie foteli białą skórą Nappa z czerwonym szwem','46','1477101446','1518975928','1'
'25688','Wykończenie wnętrza wykonane z naturalnego drewna + wstawki ze skóry na desce rozdzielczej','46','1477101446','1518975331','1'
'25689','Dach z tapicerką Alcantara (Dinamica)','46','1477101446','1518975331','1'
'25690','Pudełko do przechowywania drobnych rzeczy, wbudowany w fotel','46','1477101448','1518975331','1'
'25749','7-calowy monitor VGA','17','1477102392','1518975320','1'
'25750','Felgi aluminiowe ze spec powłoką','38','1477102396','1518975679','1'
'25751','Wykończenie foteli brązową skórą Nappa z czarnym szwem','46','1477102399','1518975928','1'
'25752','Tapicerka, podłokietniki i panele wstawkami Alcantara kolor brązowy z czarnym szwem','46','1477102399','1518975927','1'
'25840','Wykończenie wewnętrznych paneli dachu i sufitu w kolorze czarnym','46','1479619307','1518975345','1'
'25843','System ulepszonych poduszek Infiniti (AABS) z czujnikami pasów bezpieczeństwa i rozpoznawania obecności pasażera','26','1479625570','1518975345','1'
'26093','Przycisk układu bagażnika na wewnętrznej stronie tylnej klapy','1','1479686865','1518975334','1'
'26094','Dwukanałowa system audio Hi-Fi 08IT Bose 2.0 AM/FM, RDS, dyskiem twardym o pojemności 2 GB, MP3, WMA','17','1479686867','1518975334','1'
'26095','System poduszek powietrznych','26','1479686873','1518975334','1'
'26096','Sportowy dyfuzor z tyłu i tylne światło przeciwmgłowe','38','1479686875','1518975333','1'
'26097','Led wymiary','43','1479686876','1518975333','1'
'26098','Automatycznie włączają się przednie światła do jazdy dziennej','43','1479686876','1518975333','1'
'26099','Czarna tapicerka dachu','46','1479686876','1518975333','1'
'26100','Fioletowa pro-wiersz wnętrza (Vettel style)','46','1479686877','1518975333','1'
'26101','Rosyjski system nawigacji 08IT z HDD 40 GB','17','1479686880','1518975333','1'
'26102','System audio AM/FM, RDS, wbudowanym w panel dyskiem twardym o pojemności 2GB, obsługa MP3 i WMA z 7 głośnikami IPOD/USB, Bluetooth','17','1479686890','1518975333','1'
'26363','Światła przeciwmgielne (halogen)','43','1479689746','1518975344','1'
'26765','Nakładki na lusterka boczne (2 szt.)','38','1482212005','1518975361','1'
'26834','Poduszki powietrzne (10 szt.)','26','1482223115','1518975361','1'
'26861','20" aluminiowe felgi z letnimi oponami 235/55R20','38','1482229483','1518975361','1'
'26986','Dynamiczny cyfrowy zawieszenie Infiniti (Dynamic Digital Suspension - DDS)','32','1482240612','1518975366','1'
'26987','Kontroler trybu samochodu INFINITI Drive Mode Selector ze spec-tryb Sport+','32','1482240613','1518975366','1'
'27348','Adaptacyjny układ sterowania nowej generacji DAS 2.0','1','1482249874','1518975376','1'
'27349','Pamięć ustawień fotela kierowcy, kolumny kierownicy i lusterek zewnętrznych, nawigacji i systemu audio','1','1482249876','1518975376','1'
'27350','Przedni podłokietnik ze zbiornikiem do przechowywania rzeczy i elektrycznego o napięciu 12 v','46','1482249882','1518975376','1'
'27351','Katalizator spalin Euro 5','135','1482249882','1518975376','1'
'27364','Dwa porty USB + Bluetooth','17','1482250975','1518975378','1'
'27365','Wykończenie wnętrza czarne lakierowane wstawki','46','1482250988','1518975929','1'
'27366','Składany podłokietnik z pojemności do przechowywania rzeczy','46','1482250991','1518975379','1'
'27370','Tapicerowane naturalną skórą fotel pasażera z przodu (z regulacją w 4 kierunkach)','1','1482251063','1518975929','1'
'27371','Zwiększony prześwit o 30 mm, powiększone nadkola i przód/tył rozstaw kół na 5 mm','32','1482251069','1518975379','1'
'27372','Czarne osłony nadkoli, listwy z tworzywa sztucznego odpornego na zarysowania','38','1482251073','1518975379','1'
'27373','Offroad underweight (z wysokiej anty korozyjnym ochrony)','38','1482251074','1518975933','1'
'27374','Unikatowe 18" felgi aluminiowe 235/50 R18 ze spec-design','38','1482251074','1518975933','1'
'27375','Relingi dachowe chrom','38','1482251076','1518975379','1'
'27376','Wykończenie wnętrza wykonane z naturalnego drewna','46','1482251080','1518975379','1'
'27620','Opony 215/60 R17','38','1485129906','1518975383','1'
'28167','Przycisk włączania zapłonu','1','1487991456','1518975448','1'
'28168','Fotel kierowcy z regulacją w 8 kierunkach elektryczna regulacja podparcia lędźwiowego i bocznej wsparcia','1','1487991458','1518975448','1'
'28169','System pamięci ustawień fotela kierowcy, kolumny kierownicy i lusterek zewnętrznych, zsynchronizowanych z I-key','1','1487991459','1518975448','1'
'28170','Fotel pasażera z regulacją w 8 kierunkach i napędem elektrycznym','1','1487991460','1518975448','1'
'28171','Dwukanałowa system audio Hi-Fi Bose Performance series c AM/FM, RDS/CD, dyskiem twardym w przednim panelu i sterowaniem na kierownicy','17','1487991461','1518975448','1'
'28172','IPOD, dwa porty USB + Bluetooth','17','1487991462','1518975448','1'
'28173','Europejski system alarmowy z immobilizerem','23','1487991463','1518975448','1'
'28174','System telematyki + Glonass','26','1487991465','1518975448','1'
'28175','Drzwi przednie z funkcją ustalania pozycji pośrednich','38','1487991467','1518975448','1'
'28176','Wbudowane w lustra led do wzmacniaczy zakrętów (LED)','43','1487991471','1518975448','1'
'28177','System Welcome Lighting','43','1487991472','1518975448','1'
'28178','Podświetlenie led "Ambient lightning" wnętrza w strefie drzwi, przestrzeni na nogi kierowcy i pasażera, uchwytów na kubki','43','1487991473','1518975692','1'
'28179','Wykończenie wnętrz wstawkami z włókna węglowego z fioletowymi akcentami','46','1487991475','1518975448','1'
'28180','Obite naturalną skórą sportowe fotele kierowcy i pasażera z przodu','46','1487991475','1518975448','1'
'28181','Fotele przednie z funkcją łatwy dostęp dla pasażerów tylnych siedzeń','46','1487991476','1518975448','1'
'28182','W całości składa tylne siedzenia','46','1487991477','1518975449','1'
'28312','Sterowanie dźwiękiem i automatyczną klimatyzacją dla pasażerów z tyłu','17','1492752864','1518975567','1'
'29611','Elektryczna regulacja fotela kierowcy w 8 kierunkach','1','1498144809','1518975584','1'
'29612','Elektryczna regulacja fotela pasażera w 4 kierunkach','1','1498144810','1518975584','1'
'29613','Mirror link, Carplay, Android Auto','17','1498144812','1518975584','1'
'29614','Złącze USB z obsługą ipoda (4 szt.)','17','1498144812','1518975585','1'
'29615','Wielofunkcyjny wyświetlacz LCD na panelu wskaźników','17','1498144813','1518975585','1'
'29616','System monitorowania zmęczenia kierowcy','32','1498144816','1518975585','1'
'29617','System pomocy podczas manewrowania (AHA)','32','1498144817','1518975585','1'
'29618','System retencji hamulców, przy przystanku','32','1498144817','1518975585','1'
'29619','Światła przeciwmgielne (led)','43','1498144820','1518975585','1'
'29686','Nawigacja HDD z systemem monitorowania ruchu','17','1498146574','1518975582','1'
'29687','Złącze HDMI (2 szt.)','17','1498146575','1518975582','1'
'29764','Obite tkaniną fotela kierowcy (z manualną regulacją w 6 kierunkach), jak i pasażer (w 4 kierunkach)','1','1500706606','1518975599','1'
'29765','Zamki drzwi z napędem elektrycznym','23','1500706610','1518975599','1'
'29766','Chromowane ozdobne kratki i klamki drzwi','38','1500706616','1518975599','1'
'29767','17" felgi z kołpakami','38','1500706619','1518975600','1'
'29768','Diodowy obiegową oświetlenie i światła do jazdy dziennej (LED)','43','1500706619','1518975929','1'
'29769','Asymetryczne podłokietnik przedni','46','1500706624','1518975610','1'
'29770','Zestaw naprawczy w bagażniku (dla felg 17 i 18 mapie)','135','1500706630','1518975610','1'
'29824','18" felgi aluminiowe 235/50 R18','38','1500738296','1518975600','1'
'29905','Elektryczna regulacja fotela kierowcy w 8 kierunkach, pasażera w 6','1','1500749881','1518975612','1'
'29906','Przed-napinacze pasów bezpieczeństwa i ograniczniki siły napięcia','26','1500749891','1518975612','1'
'29907','Wykończenie podłokietników i panelu wstawkami z imitacji skóry Leatherette','46','1500749900','1518975612','1'
'29957','Interaktywna nawigacja nowej generacji In Touch + informacje o sytuacji na drogach RDS TMC','17','1500750190','1518975613','1'
'29958','System adaptacyjnego oświetlenia drogi (AFS)+system adaptacyjnych reflektorów SmartBeam','43','1500750204','1518975613','1'
'30018','Lusterka zewnętrzne z napędem elektrycznym i systemem zapamiętywania ustawień położenia','1','1500750627','1518975614','1'
'30019','Regulacja fotela kierowcy w 8 kierunkach z regulacją odcinka lędźwiowego; pasażera w 4 kierunkach','1','1500750628','1518975614','1'
'30020','Zwiększony prześwit +30mm, powiększone nadkola , przedni/tylny rozstaw kół +5mm','32','1500750640','1518975614','1'
'30021','Ochronna w bagażniku z czarnego plastiku','38','1500750641','1518975614','1'
'30022','Zestaw naprawczy w bagażniku','135','1500750659','1518975614','1'
'30037','Dach z wykończeniem czarnym zamszem','46','1500752932','1518975615','1'
'30070','18" felgi aluminiowe 235/50 R18 ze spec powłoką','38','1500754688','1518975930','1'
'30092','Sportowe wnętrze (fotele, kierownica, pedały i podnóżki)','1','1500757217','1518975615','1'
'30093','Sportowe zawieszenie (-17mm) ze specjalnymi ustawieniami','32','1500757232','1518975615','1'
'30094','Sportowy wygląd (zderzak, osłona chłodnicy, rury wydechowe, progi w kolorze nadwozia)','38','1500757234','1518975615','1'
'30095','19" felgi aluminiowe 235/45 R19 Run Flat','38','1500757236','1518975615','1'
'30096','Dach z wykończeniem z czarnej tkaniny','46','1500757243','1518975615','1'
'30097','Fotele sportowe z tapicerką Alcantara','46','1500757246','1518975615','1'
'30253','Poduszki powietrzne (8 szt.)','26','1503452121','1518975624','1'
'30254','Elektryczne szyby (4 szt.)','1','1503452134','1518975624','1'
'31511','Złącze USB (4 szt.)','17','1511388456','1518975629','1'
'32277','Wspomaganie układu kierowniczego ze zmiennym przełożeniu, w zależności od prędkości jazdy','1','1519377153','0','1'
'32278','Ręczna regulacja kolumny kierownicy','1','1519377154','0','1'
'32279','Sportowa kierownica z oplotem ze skóry naturalnej i wykończeniami w kolorze matowy chrom','1','1519377156','0','1'
'32280','System bezdotykowego otwierania drzwi','1','1519377158','0','1'
'32281','Dwustrefowa klimatyzacja automatyczna adaptacyjny klimat kontrola','11','1519377160','0','1'
'32282','Shuttle komputer z wyświetlaczem TFT 5"','17','1519377161','0','1'
'32283','Interaktywna nawigacja nowej generacji INFINITI InTouch','17','1519377162','0','1'
'32284','Połączenie USB/iPod i AUX IN RCA','17','1519377163','0','1'
'32285','Podwójny dotykowy wyświetlacz (LCD VGA 8" LCD i VGA 7")','17','1519377164','0','1'
'32286','Transmisja audio przez Bluetooth','17','1519377166','0','1'
'32287','System bezpieczeństwa samochodu z immobilizerem i alarmem','23','1519377167','0','1'
'32288','Przednie poduszki powietrzne dla kierowcy i pasażera','26','1519377169','0','1'
'32289','Przypomnienie dla przednich i tylnych pasów bezpieczeństwa','26','1519377171','0','1'
'32290','18" felgi ze stopu metali lekkich nowego projektu 225/50RF18 95W, opony RunFlat','32','1519377172','0','1'
'32291','Tylny zderzak z czarnym dyfuzorem','38','1519377173','0','1'
'32292','Malowane w kolorze nadwozia lusterka boczne z led kierunkowskazy','38','1519377175','0','1'
'32293','Kratka chłodnicy z efektownym wzorem — pomiarowej 3D-fale','38','1519377176','0','1'
'32294','Podwójne rury wydechowe z chromowaną nasadką','38','1519377177','0','1'
'32295','Bagażnik otwór do przewozu nart','38','1519377179','0','1'
'32296','Led światła przeciwmgielne (przednie i tylne)','43','1519377181','0','1'
'32297','Halogenowe reflektory i światła do jazdy dziennej z auto-regulacją','43','1519377183','0','1'
'32298','Chromowane wykończenie reflektorów przeciwmgłowych','43','1519377184','0','1'
'32299','Automatyczny tryb włączenia świateł','43','1519377186','0','1'
'32300','Wykończenie wnętrza Kacchu aluminium','46','1519377187','0','1'
'32301','Wykończenie progów drzwi aluminium','46','1519377189','0','1'
'32302','Dźwignia zmiany biegów z wykończeniem ze skóry naturalnej i powłok Matt Chrome (matowy chrom) i Gloss Black (czarny połysk)','46','1519377190','0','1'
'32303','Tylny podłokietnik z uchwytem na napoje','46','1519377191','0','1'
'32304','Wyjście gniazda 12V w konsoli środkowej','46','1519377193','0','1'
'32305','Premiowy wykończenie deski rozdzielczej z podwójnym szwem','46','1519377195','0','1'
'32306','Regulacja kolumny kierownicy z napędem elektrycznym','1','1519377203','0','1'
'32307','Elektro-regulacja przednich foteli z pamięcią ustawień','1','1519377204','0','1'
'32308','Interaktywna nawigacja nowej generacji INFINITI InTouch + informacje o ruchu drogowym RDS-TMC','17','1519377213','0','1'
'32309','Układ ema utrudnieniach (AVM) + system wykrywania zbliżających się obiektów (AOD), system zarządzania parkingiem','32','1519377222','0','1'
'32310','Kolor nadwozia specjalny metalik (kolor NBA, "Dynamiczny czerwony")','38','1519377230','0','1'
'32311','Led przednie światła z auto-regulacją kąta pochylenia reflektorów','43','1519377236','0','1'
'32312','System Welcome Lighting, równomiernie świeci samochód i przestrzeń wokół przy zbliżaniu i oddalaniu się od auta','43','1519377238','0','1'
'32313','Wykończenia wnętrz z drewna (klon)','46','1519377249','0','1'
'32757','Adaptacyjny układ sterowania DAS','1','1519409857','0','1'
'32758','Aktywny system redukcji szumów','1','1519409867','0','1'
'32759','System audio BOSE Performance Series c 16 głośnikami','17','1519409878','0','1'
'32760','Felgi aluminiowe 19" projektu "5 potrójnych ramion" 245/40RF19 94W z oponami RunFlat','32','1519409886','0','1'
'32761','Tylny sportowy zderzak z dyfuzorem w kolorze nadwozia','38','1519409889','0','1'
'32762','Krata chłodnicy, sportowy design (wysoka i szeroka) z efektownym wzorem — pomiarowej 3D-fale','38','1519409892','0','1'
'32763','Kierownica, dźwignia zmiany biegów wewnętrzne klamki drzwi z wykończeniem Dark Chrome (ciemny chrom)','1','1519409918','0','1'
'32764','Nowe, wyjątkowe pod kierownicy przełączniki biegów dla Red Sport w kolorze Dark Chrome (ciemny chrom)','1','1519409920','0','1'
'32765','Felgi aluminiowe 19" nowego unikalnego projektu sportowego koloru jasno-srebrny metalik 245/40RF19 94W c oponami RunFlat','32','1519409946','0','1'
'32766','Hamulce sportowe INFINITI (przód 4-tłoczkowe, z tyłu 2-tłoczkowe) + zaciski hamulcowe czerwone','32','1519409947','0','1'
'32767','Dynamiczny cyfrowy zawieszenie INFINITI (Dynamic Digital Suspension, DDS)','32','1519409948','0','1'
'32768','Czarne, błyszczące lusterka zewnętrzne','38','1519409951','0','1'
'32769','Podwójne rury wydechowe z chromowaną nasadką sportowego "perforowanego" projektu','38','1519409952','0','1'
'32770','Premiowy skóra, siedzenia sportowego designu z szwem + nowe, ozdobne szwy w kolorze czerwonym na szczegółach wnętrza','46','1519409967','0','1'
'32779','Wbudowany w przedni panel dysk twardy o pojemności 10 GB do odtwarzania plików muzycznych','17','1521923943','0','1'
'33080','Pamięć na dwie opcje ustawień fotela kierowcy związana z indywidualnym kluczem systemu "Intelligent key"','1','1521936630','0','1'
'33081','Sterownik Infiniti z 8" wyświetlaczem dla systemu audio, klimatyzacji i przypomnienia o konieczności przeprowadzenia obsługi tych.','11','1521936630','0','1'
'33082','Ogrzewanie tylnej szyby z zegarem','11','1521936630','0','1'
'33083','Dwukanałowa system audio Bose z 11 głośnikami i funkcją dźwięku przestrzennego Driver Audio Stage, o mocy 309 Wat','17','1521936630','0','1'
'33084','Samochód zbudowany na platformie FM (Front Mid-ship), która polega na umieszczeniu silnika z tyłu przedniego mostu','26','1521936630','0','1'
'33085','Układ zmiennej sztywności zawieszenia CDC','32','1521936630','0','1'
'33086','Sportowe zawieszenie z systemem zmiennej sztywności z trybem Sport','32','1521936630','0','1'
'33595','System adaptacyjnego oświetlenia (AFS) + system automatycznego przełączania świateł','43','1524805581','1524805581','1'
'33597','Wybór trybu otwierania tylko drzwi kierowcy lub wszystkich drzwi','1','1524805868','1524805868','1'
'33598','Adaptacyjny dwustrefowa klimatyzacja z mikro filtrem i filtrem w salonie','11','1524805868','1524805868','1'
'33599','IPOD/USBx2 + Bluetooth','17','1524805868','1524805868','1'
'33600','System telematyki','26','1524805868','1524805868','1'
'33601','System zapewnienia szybkiej pomocy pasażerom i kierowcy w razie wypadku GLONASS','26','1524805868','1524805868','1'
'33602','Opony letnie wymiar 255/35 R20','38','1524805868','1524805868','1'
'33603','Podświetlenie led wnętrza Ambient lightning w strefie drzwi, przestrzeni na nogi z przodu, uchwytów na kubki','43','1524805868','1524805868','1'
'33604','Tapicerka siedzeń z czarnej skóry Graphite','46','1524805868','1524805868','1'
'34045','Boczne lusterka zewnętrzne podgrzewane i elektrycznie regulacji i składania','1','1527021537','1527021537','1'
'34046','Lusterka zewnętrzne w kolorze nadwozia z pamięcią ustawień i synchronizacją','1','1527021537','1527021537','1'
'34047','Fotel kierowcy z elektryczną przepisami w 10 kierunkach','1','1527021538','1527021538','1'
'34048','Obite naturalną skórą fotel pasażera z przodu (z regulacją w 8 kierunkach i elektryczny)','1','1527021538','1527021538','1'
'34049','Przednie fotele z podgrzewaniem i wentylacją','11','1527021538','1527021538','1'
'34050','Nowa IT system INFINITI InTouch + system nawigacji c SD + Informacje o ruchu drogowym RDS-TMC','17','1527021538','1527021538','1'
'34051','Informacyjno-rozrywkowe INFINITI z dwoma 8" ekran QHD kolorowymi wyświetlaczami, odtwarzacz DVD, pilota i słuchawki','17','1527021538','1527021538','1'
'34052','3 głośników z funkcją dźwięku przestrzennego Driver audio stage o mocy 303 W','17','1527021538','1527021538','1'
'34053','System utrudnieniach AVM + kamera cofania z rozszerzonym ankietą','32','1527021538','1527021538','1'
'34054','Tylne światła przeciwmgielne x 2','43','1527021538','1527021538','1'
'34055','Nowy projekt wykończenia siedzeń z pro-przeszyciami','46','1527021538','1527021538','1'
'34056','Wykończenie drzwi z naturalnej skóry z podwójnym szwem i drewna z aluminiowymi uchwytami','46','1527021538','1527021538','1'
'34057','Gniazdka elektryczne o napięciu 12 v x 3 / wejście USB do ładowania (2.4 A) x 2','46','1527021538','1527021538','1'
'34058','Konsola środkowa z 4 szklanek (2 do 1-go rzędu / 2 dla 2-go rzędu)','46','1527021538','1527021538','1'
'34059','Konsola środkowa ze schowkiem rzeczy','46','1527021538','1527021538','1'
'34060','Cyfrowe lusterko wsteczne Smart kamera wsteczna Mirror','17','1527021541','1527021541','1'
'34061','System zapobiegania kolizji na przeszkodę Forward Collision Avoidance Assist','32','1527021541','1527021541','1'
