generation_id,plik,marka,model,generacja,lata,nadwozie,prompt
9052,gen-9052.jpg,Honda,Accord,IV generacja,1989–1994,Sedan,"Photorealistic 3D render of a 1989–1994 Honda Accord sedan, factory stock, in dark blue metallic. Elevated drone shot from the side: camera about 30 degrees above the car, looking at the car's left side profile, perpendicular to the car, the entire car centered with generous margin. Parked on dark graphite asphalt, soft overcast light with a subtle warm copper rim light along the roofline, background fading to deep charcoal. Accurate body shape, lights, wheels and proportions of this exact model year. No people, no text, no watermark, blank license plate."
9051,gen-9051.jpg,Honda,Accord,V generacja,1993–1996,Sedan,"Photorealistic 3D render of a 1993–1996 Honda Accord sedan, factory stock, in deep red. Elevated drone shot from the side: camera about 30 degrees above the car, looking at the car's left side profile, perpendicular to the car, the entire car centered with generous margin. Parked on dark graphite asphalt, soft overcast light with a subtle warm copper rim light along the roofline, background fading to deep charcoal. Accurate body shape, lights, wheels and proportions of this exact model year. No people, no text, no watermark, blank license plate."
9349,gen-9349.jpg,Honda,Accord,V generacja (lifting),1996–1998,Coupe,"Photorealistic 3D render of a 1996–1998 Honda Accord facelift coupe, factory stock, in gunmetal grey metallic. Elevated drone shot from the side: camera about 30 degrees above the car, looking at the car's left side profile, perpendicular to the car, the entire car centered with generous margin. Parked on dark graphite asphalt, soft overcast light with a subtle warm copper rim light along the roofline, background fading to deep charcoal. Accurate body shape, lights, wheels and proportions of this exact model year. No people, no text, no watermark, blank license plate."
9050,gen-9050.jpg,Honda,Accord,VI generacja,1997–2002,Sedan,"Photorealistic 3D render of a 1997–2002 Honda Accord sedan, factory stock, in jet black. Elevated drone shot from the side: camera about 30 degrees above the car, looking at the car's left side profile, perpendicular to the car, the entire car centered with generous margin. Parked on dark graphite asphalt, soft overcast light with a subtle warm copper rim light along the roofline, background fading to deep charcoal. Accurate body shape, lights, wheels and proportions of this exact model year. No people, no text, no watermark, blank license plate."
9348,gen-9348.jpg,Honda,Accord,VI generacja (lifting),2000–2002,Coupe,"Photorealistic 3D render of a 2000–2002 Honda Accord facelift coupe, factory stock, in dark blue metallic. Elevated drone shot from the side: camera about 30 degrees above the car, looking at the car's left side profile, perpendicular to the car, the entire car centered with generous margin. Parked on dark graphite asphalt, soft overcast light with a subtle warm copper rim light along the roofline, background fading to deep charcoal. Accurate body shape, lights, wheels and proportions of this exact model year. No people, no text, no watermark, blank license plate."
753,gen-753.jpg,Honda,Accord,VII generacja,2002–2006,Sedan,"Photorealistic 3D render of a 2002–2006 Honda Accord sedan, factory stock, in pearl white. Elevated drone shot from the side: camera about 30 degrees above the car, looking at the car's left side profile, perpendicular to the car, the entire car centered with generous margin. Parked on dark graphite asphalt, soft overcast light with a subtle warm copper rim light along the roofline, background fading to deep charcoal. Accurate body shape, lights, wheels and proportions of this exact model year. No people, no text, no watermark, blank license plate."
5993,gen-5993.jpg,Honda,Accord,VII generacja (lifting),2005–2008,Kombi,"Photorealistic 3D render of a 2005–2008 Honda Accord facelift station wagon, factory stock, in pearl white. Elevated drone shot from the side: camera about 30 degrees above the car, looking at the car's left side profile, perpendicular to the car, the entire car centered with generous margin. Parked on dark graphite asphalt, soft overcast light with a subtle warm copper rim light along the roofline, background fading to deep charcoal. Accurate body shape, lights, wheels and proportions of this exact model year. No people, no text, no watermark, blank license plate."
9049,gen-9049.jpg,Honda,Accord,VIII generacja,2007–2011,Kombi,"Photorealistic 3D render of a 2007–2011 Honda Accord station wagon, factory stock, in pearl white. Elevated drone shot from the side: camera about 30 degrees above the car, looking at the car's left side profile, perpendicular to the car, the entire car centered with generous margin. Parked on dark graphite asphalt, soft overcast light with a subtle warm copper rim light along the roofline, background fading to deep charcoal. Accurate body shape, lights, wheels and proportions of this exact model year. No people, no text, no watermark, blank license plate."
9048,gen-9048.jpg,Honda,Accord,VIII generacja (lifting),2011–2015,Sedan,"Photorealistic 3D render of a 2011–2015 Honda Accord facelift sedan, factory stock, in metallic silver. Elevated drone shot from the side: camera about 30 degrees above the car, looking at the car's left side profile, perpendicular to the car, the entire car centered with generous margin. Parked on dark graphite asphalt, soft overcast light with a subtle warm copper rim light along the roofline, background fading to deep charcoal. Accurate body shape, lights, wheels and proportions of this exact model year. No people, no text, no watermark, blank license plate."
750,gen-750.jpg,Honda,Accord,IX generacja,2012–2016,Sedan,"Photorealistic 3D render of a 2012–2016 Honda Accord sedan, factory stock, in champagne gold metallic. Elevated drone shot from the side: camera about 30 degrees above the car, looking at the car's left side profile, perpendicular to the car, the entire car centered with generous margin. Parked on dark graphite asphalt, soft overcast light with a subtle warm copper rim light along the roofline, background fading to deep charcoal. Accurate body shape, lights, wheels and proportions of this exact model year. No people, no text, no watermark, blank license plate."
5991,gen-5991.jpg,Honda,Accord,IX generacja (lifting),2015–2018,Sedan,"Photorealistic 3D render of a 2015–2018 Honda Accord facelift sedan, factory stock, in dark green metallic. Elevated drone shot from the side: camera about 30 degrees above the car, looking at the car's left side profile, perpendicular to the car, the entire car centered with generous margin. Parked on dark graphite asphalt, soft overcast light with a subtle warm copper rim light along the roofline, background fading to deep charcoal. Accurate body shape, lights, wheels and proportions of this exact model year. No people, no text, no watermark, blank license plate."
757,gen-757.jpg,Honda,Accord,III generacja,,Coupe,"Photorealistic 3D render of a Honda Accord coupe, factory stock, in gunmetal grey metallic. Elevated drone shot from the side: camera about 30 degrees above the car, looking at the car's left side profile, perpendicular to the car, the entire car centered with generous margin. Parked on dark graphite asphalt, soft overcast light with a subtle warm copper rim light along the roofline, background fading to deep charcoal. Accurate body shape, lights, wheels and proportions of this exact model year. No people, no text, no watermark, blank license plate."
7233,gen-7233.jpg,Honda,Accord,I generacja,,Hatchback,"Photorealistic 3D render of a Honda Accord hatchback, factory stock, in pearl white. Elevated drone shot from the side: camera about 30 degrees above the car, looking at the car's left side profile, perpendicular to the car, the entire car centered with generous margin. Parked on dark graphite asphalt, soft overcast light with a subtle warm copper rim light along the roofline, background fading to deep charcoal. Accurate body shape, lights, wheels and proportions of this exact model year. No people, no text, no watermark, blank license plate."
9053,gen-9053.jpg,Honda,Accord,II generacja,,Hatchback,"Photorealistic 3D render of a Honda Accord hatchback, factory stock, in gunmetal grey metallic. Elevated drone shot from the side: camera about 30 degrees above the car, looking at the car's left side profile, perpendicular to the car, the entire car centered with generous margin. Parked on dark graphite asphalt, soft overcast light with a subtle warm copper rim light along the roofline, background fading to deep charcoal. Accurate body shape, lights, wheels and proportions of this exact model year. No people, no text, no watermark, blank license plate."
9350,gen-9350.jpg,Honda,Airwave,I generacja,2005–2008,Kombi,"Photorealistic 3D render of a 2005–2008 Honda Airwave station wagon, factory stock, in champagne gold metallic. Elevated drone shot from the side: camera about 30 degrees above the car, looking at the car's left side profile, perpendicular to the car, the entire car centered with generous margin. Parked on dark graphite asphalt, soft overcast light with a subtle warm copper rim light along the roofline, background fading to deep charcoal. Accurate body shape, lights, wheels and proportions of this exact model year. No people, no text, no watermark, blank license plate."
8082,gen-8082.jpg,Honda,Airwave,I generacja (lifting),2008–2010,Kombi,"Photorealistic 3D render of a 2008–2010 Honda Airwave facelift station wagon, factory stock, in jet black. Elevated drone shot from the side: camera about 30 degrees above the car, looking at the car's left side profile, perpendicular to the car, the entire car centered with generous margin. Parked on dark graphite asphalt, soft overcast light with a subtle warm copper rim light along the roofline, background fading to deep charcoal. Accurate body shape, lights, wheels and proportions of this exact model year. No people, no text, no watermark, blank license plate."
8084,gen-8084.jpg,Honda,Ascot,CB,1989–1993,Sedan,"Photorealistic 3D render of a 1989–1993 Honda Ascot (CB) sedan, factory stock, in dark blue metallic. Elevated drone shot from the side: camera about 30 degrees above the car, looking at the car's left side profile, perpendicular to the car, the entire car centered with generous margin. Parked on dark graphite asphalt, soft overcast light with a subtle warm copper rim light along the roofline, background fading to deep charcoal. Accurate body shape, lights, wheels and proportions of this exact model year. No people, no text, no watermark, blank license plate."
8083,gen-8083.jpg,Honda,Ascot,CE,1993–1997,Sedan,"Photorealistic 3D render of a 1993–1997 Honda Ascot (CE) sedan, factory stock, in deep red. Elevated drone shot from the side: camera about 30 degrees above the car, looking at the car's left side profile, perpendicular to the car, the entire car centered with generous margin. Parked on dark graphite asphalt, soft overcast light with a subtle warm copper rim light along the roofline, background fading to deep charcoal. Accurate body shape, lights, wheels and proportions of this exact model year. No people, no text, no watermark, blank license plate."
7598,gen-7598.jpg,Honda,Ascot Innova,I generacja,1992–1995,Hardtop,"Photorealistic 3D render of a 1992–1995 Honda Ascot Innova hardtop, factory stock, in champagne gold metallic. Elevated drone shot from the side: camera about 30 degrees above the car, looking at the car's left side profile, perpendicular to the car, the entire car centered with generous margin. Parked on dark graphite asphalt, soft overcast light with a subtle warm copper rim light along the roofline, background fading to deep charcoal. Accurate body shape, lights, wheels and proportions of this exact model year. No people, no text, no watermark, blank license plate."
8086,gen-8086.jpg,Honda,Avancier,I generacja,1999–2003,Kombi,"Photorealistic 3D render of a 1999–2003 Honda Avancier station wagon, factory stock, in champagne gold metallic. Elevated drone shot from the side: camera about 30 degrees above the car, looking at the car's left side profile, perpendicular to the car, the entire car centered with generous margin. Parked on dark graphite asphalt, soft overcast light with a subtle warm copper rim light along the roofline, background fading to deep charcoal. Accurate body shape, lights, wheels and proportions of this exact model year. No people, no text, no watermark, blank license plate."
781,gen-781.jpg,Honda,CR-V,I generacja,1995–1999,Crossover,"Photorealistic 3D render of a 1995–1999 Honda CR-V crossover SUV, factory stock, in gunmetal grey metallic. Elevated drone shot from the side: camera about 30 degrees above the car, looking at the car's left side profile, perpendicular to the car, the entire car centered with generous margin. Parked on dark graphite asphalt, soft overcast light with a subtle warm copper rim light along the roofline, background fading to deep charcoal. Accurate body shape, lights, wheels and proportions of this exact model year. No people, no text, no watermark, blank license plate."
5996,gen-5996.jpg,Honda,CR-V,I generacja (lifting),1998–2001,Crossover,"Photorealistic 3D render of a 1998–2001 Honda CR-V facelift crossover SUV, factory stock, in dark blue metallic. Elevated drone shot from the side: camera about 30 degrees above the car, looking at the car's left side profile, perpendicular to the car, the entire car centered with generous margin. Parked on dark graphite asphalt, soft overcast light with a subtle warm copper rim light along the roofline, background fading to deep charcoal. Accurate body shape, lights, wheels and proportions of this exact model year. No people, no text, no watermark, blank license plate."
780,gen-780.jpg,Honda,CR-V,II generacja,2002–2004,Crossover,"Photorealistic 3D render of a 2002–2004 Honda CR-V crossover SUV, factory stock, in dark blue metallic. Elevated drone shot from the side: camera about 30 degrees above the car, looking at the car's left side profile, perpendicular to the car, the entire car centered with generous margin. Parked on dark graphite asphalt, soft overcast light with a subtle warm copper rim light along the roofline, background fading to deep charcoal. Accurate body shape, lights, wheels and proportions of this exact model year. No people, no text, no watermark, blank license plate."
5995,gen-5995.jpg,Honda,CR-V,II generacja (lifting),2004–2006,Crossover,"Photorealistic 3D render of a 2004–2006 Honda CR-V facelift crossover SUV, factory stock, in deep red. Elevated drone shot from the side: camera about 30 degrees above the car, looking at the car's left side profile, perpendicular to the car, the entire car centered with generous margin. Parked on dark graphite asphalt, soft overcast light with a subtle warm copper rim light along the roofline, background fading to deep charcoal. Accurate body shape, lights, wheels and proportions of this exact model year. No people, no text, no watermark, blank license plate."
779,gen-779.jpg,Honda,CR-V,III generacja,2006–2009,Crossover,"Photorealistic 3D render of a 2006–2009 Honda CR-V crossover SUV, factory stock, in deep red. Elevated drone shot from the side: camera about 30 degrees above the car, looking at the car's left side profile, perpendicular to the car, the entire car centered with generous margin. Parked on dark graphite asphalt, soft overcast light with a subtle warm copper rim light along the roofline, background fading to deep charcoal. Accurate body shape, lights, wheels and proportions of this exact model year. No people, no text, no watermark, blank license plate."
5994,gen-5994.jpg,Honda,CR-V,III generacja (lifting),2009–2012,Crossover,"Photorealistic 3D render of a 2009–2012 Honda CR-V facelift crossover SUV, factory stock, in jet black. Elevated drone shot from the side: camera about 30 degrees above the car, looking at the car's left side profile, perpendicular to the car, the entire car centered with generous margin. Parked on dark graphite asphalt, soft overcast light with a subtle warm copper rim light along the roofline, background fading to deep charcoal. Accurate body shape, lights, wheels and proportions of this exact model year. No people, no text, no watermark, blank license plate."
778,gen-778.jpg,Honda,CR-V,IV generacja,2012–2015,Crossover,"Photorealistic 3D render of a 2012–2015 Honda CR-V crossover SUV, factory stock, in jet black. Elevated drone shot from the side: camera about 30 degrees above the car, looking at the car's left side profile, perpendicular to the car, the entire car centered with generous margin. Parked on dark graphite asphalt, soft overcast light with a subtle warm copper rim light along the roofline, background fading to deep charcoal. Accurate body shape, lights, wheels and proportions of this exact model year. No people, no text, no watermark, blank license plate."
6614,gen-6614.jpg,Honda,CR-V,IV generacja (lifting),2014–2018,Crossover,"Photorealistic 3D render of a 2014–2018 Honda CR-V facelift crossover SUV, factory stock, in champagne gold metallic. Elevated drone shot from the side: camera about 30 degrees above the car, looking at the car's left side profile, perpendicular to the car, the entire car centered with generous margin. Parked on dark graphite asphalt, soft overcast light with a subtle warm copper rim light along the roofline, background fading to deep charcoal. Accurate body shape, lights, wheels and proportions of this exact model year. No people, no text, no watermark, blank license plate."
10776,gen-10776.jpg,Honda,CR-V,V generacja,2016–2018,Crossover,"Photorealistic 3D render of a 2016–2018 Honda CR-V crossover SUV, factory stock, in metallic silver. Elevated drone shot from the side: camera about 30 degrees above the car, looking at the car's left side profile, perpendicular to the car, the entire car centered with generous margin. Parked on dark graphite asphalt, soft overcast light with a subtle warm copper rim light along the roofline, background fading to deep charcoal. Accurate body shape, lights, wheels and proportions of this exact model year. No people, no text, no watermark, blank license plate."
784,gen-784.jpg,Honda,CR-X,I generacja,1983–1987,Hatchback,"Photorealistic 3D render of a 1983–1987 Honda CR-X hatchback, factory stock, in metallic silver. Elevated drone shot from the side: camera about 30 degrees above the car, looking at the car's left side profile, perpendicular to the car, the entire car centered with generous margin. Parked on dark graphite asphalt, soft overcast light with a subtle warm copper rim light along the roofline, background fading to deep charcoal. Accurate body shape, lights, wheels and proportions of this exact model year. No people, no text, no watermark, blank license plate."
783,gen-783.jpg,Honda,CR-X,II generacja,1987–1992,Hatchback,"Photorealistic 3D render of a 1987–1992 Honda CR-X hatchback, factory stock, in dark green metallic. Elevated drone shot from the side: camera about 30 degrees above the car, looking at the car's left side profile, perpendicular to the car, the entire car centered with generous margin. Parked on dark graphite asphalt, soft overcast light with a subtle warm copper rim light along the roofline, background fading to deep charcoal. Accurate body shape, lights, wheels and proportions of this exact model year. No people, no text, no watermark, blank license plate."
782,gen-782.jpg,Honda,CR-X,III generacja,1992–1999,Targa,"Photorealistic 3D render of a 1992–1999 Honda CR-X targa-top sports car, factory stock, in champagne gold metallic. Elevated drone shot from the side: camera about 30 degrees above the car, looking at the car's left side profile, perpendicular to the car, the entire car centered with generous margin. Parked on dark graphite asphalt, soft overcast light with a subtle warm copper rim light along the roofline, background fading to deep charcoal. Accurate body shape, lights, wheels and proportions of this exact model year. No people, no text, no watermark, blank license plate."
7234,gen-7234.jpg,Honda,CR-Z,I generacja,2010–2018,Coupe,"Photorealistic 3D render of a 2010–2018 Honda CR-Z coupe, factory stock, in jet black. Elevated drone shot from the side: camera about 30 degrees above the car, looking at the car's left side profile, perpendicular to the car, the entire car centered with generous margin. Parked on dark graphite asphalt, soft overcast light with a subtle warm copper rim light along the roofline, background fading to deep charcoal. Accurate body shape, lights, wheels and proportions of this exact model year. No people, no text, no watermark, blank license plate."
8088,gen-8088.jpg,Honda,Capa,I generacja,1998–2002,Hatchback,"Photorealistic 3D render of a 1998–2002 Honda Capa hatchback, factory stock, in metallic silver. Elevated drone shot from the side: camera about 30 degrees above the car, looking at the car's left side profile, perpendicular to the car, the entire car centered with generous margin. Parked on dark graphite asphalt, soft overcast light with a subtle warm copper rim light along the roofline, background fading to deep charcoal. Accurate body shape, lights, wheels and proportions of this exact model year. No people, no text, no watermark, blank license plate."
762,gen-762.jpg,Honda,City,II generacja,1986–1994,Hatchback,"Photorealistic 3D render of a 1986–1994 Honda City hatchback, factory stock, in jet black. Elevated drone shot from the side: camera about 30 degrees above the car, looking at the car's left side profile, perpendicular to the car, the entire car centered with generous margin. Parked on dark graphite asphalt, soft overcast light with a subtle warm copper rim light along the roofline, background fading to deep charcoal. Accurate body shape, lights, wheels and proportions of this exact model year. No people, no text, no watermark, blank license plate."
761,gen-761.jpg,Honda,City,IV generacja (lifting),2005–2008,Sedan,"Photorealistic 3D render of a 2005–2008 Honda City facelift sedan, factory stock, in pearl white. Elevated drone shot from the side: camera about 30 degrees above the car, looking at the car's left side profile, perpendicular to the car, the entire car centered with generous margin. Parked on dark graphite asphalt, soft overcast light with a subtle warm copper rim light along the roofline, background fading to deep charcoal. Accurate body shape, lights, wheels and proportions of this exact model year. No people, no text, no watermark, blank license plate."
759,gen-759.jpg,Honda,City,V generacja,2008–2011,Sedan,"Photorealistic 3D render of a 2008–2011 Honda City sedan, factory stock, in dark green metallic. Elevated drone shot from the side: camera about 30 degrees above the car, looking at the car's left side profile, perpendicular to the car, the entire car centered with generous margin. Parked on dark graphite asphalt, soft overcast light with a subtle warm copper rim light along the roofline, background fading to deep charcoal. Accurate body shape, lights, wheels and proportions of this exact model year. No people, no text, no watermark, blank license plate."
760,gen-760.jpg,Honda,City,V generacja (lifting),2011–2018,Sedan,"Photorealistic 3D render of a 2011–2018 Honda City facelift sedan, factory stock, in metallic silver. Elevated drone shot from the side: camera about 30 degrees above the car, looking at the car's left side profile, perpendicular to the car, the entire car centered with generous margin. Parked on dark graphite asphalt, soft overcast light with a subtle warm copper rim light along the roofline, background fading to deep charcoal. Accurate body shape, lights, wheels and proportions of this exact model year. No people, no text, no watermark, blank license plate."
763,gen-763.jpg,Honda,City,I generacja,,Hatchback,"Photorealistic 3D render of a Honda City hatchback, factory stock, in deep red. Elevated drone shot from the side: camera about 30 degrees above the car, looking at the car's left side profile, perpendicular to the car, the entire car centered with generous margin. Parked on dark graphite asphalt, soft overcast light with a subtle warm copper rim light along the roofline, background fading to deep charcoal. Accurate body shape, lights, wheels and proportions of this exact model year. No people, no text, no watermark, blank license plate."
8094,gen-8094.jpg,Honda,Civic,IV generacja,1987–1996,Sedan,"Photorealistic 3D render of a 1987–1996 Honda Civic sedan, factory stock, in champagne gold metallic. Elevated drone shot from the side: camera about 30 degrees above the car, looking at the car's left side profile, perpendicular to the car, the entire car centered with generous margin. Parked on dark graphite asphalt, soft overcast light with a subtle warm copper rim light along the roofline, background fading to deep charcoal. Accurate body shape, lights, wheels and proportions of this exact model year. No people, no text, no watermark, blank license plate."
774,gen-774.jpg,Honda,Civic,V generacja,1991–1997,Sedan,"Photorealistic 3D render of a 1991–1997 Honda Civic sedan, factory stock, in champagne gold metallic. Elevated drone shot from the side: camera about 30 degrees above the car, looking at the car's left side profile, perpendicular to the car, the entire car centered with generous margin. Parked on dark graphite asphalt, soft overcast light with a subtle warm copper rim light along the roofline, background fading to deep charcoal. Accurate body shape, lights, wheels and proportions of this exact model year. No people, no text, no watermark, blank license plate."
773,gen-773.jpg,Honda,Civic,VI generacja,1995–2001,Sedan,"Photorealistic 3D render of a 1995–2001 Honda Civic sedan, factory stock, in gunmetal grey metallic. Elevated drone shot from the side: camera about 30 degrees above the car, looking at the car's left side profile, perpendicular to the car, the entire car centered with generous margin. Parked on dark graphite asphalt, soft overcast light with a subtle warm copper rim light along the roofline, background fading to deep charcoal. Accurate body shape, lights, wheels and proportions of this exact model year. No people, no text, no watermark, blank license plate."
772,gen-772.jpg,Honda,Civic,VII generacja,2000–2005,Sedan,"Photorealistic 3D render of a 2000–2005 Honda Civic sedan, factory stock, in dark blue metallic. Elevated drone shot from the side: camera about 30 degrees above the car, looking at the car's left side profile, perpendicular to the car, the entire car centered with generous margin. Parked on dark graphite asphalt, soft overcast light with a subtle warm copper rim light along the roofline, background fading to deep charcoal. Accurate body shape, lights, wheels and proportions of this exact model year. No people, no text, no watermark, blank license plate."
6196,gen-6196.jpg,Honda,Civic,VII generacja (lifting),2003–2005,Sedan,"Photorealistic 3D render of a 2003–2005 Honda Civic facelift sedan, factory stock, in dark blue metallic. Elevated drone shot from the side: camera about 30 degrees above the car, looking at the car's left side profile, perpendicular to the car, the entire car centered with generous margin. Parked on dark graphite asphalt, soft overcast light with a subtle warm copper rim light along the roofline, background fading to deep charcoal. Accurate body shape, lights, wheels and proportions of this exact model year. No people, no text, no watermark, blank license plate."
771,gen-771.jpg,Honda,Civic,VIII generacja,2005–2008,Sedan,"Photorealistic 3D render of a 2005–2008 Honda Civic sedan, factory stock, in deep red. Elevated drone shot from the side: camera about 30 degrees above the car, looking at the car's left side profile, perpendicular to the car, the entire car centered with generous margin. Parked on dark graphite asphalt, soft overcast light with a subtle warm copper rim light along the roofline, background fading to deep charcoal. Accurate body shape, lights, wheels and proportions of this exact model year. No people, no text, no watermark, blank license plate."
6195,gen-6195.jpg,Honda,Civic,VIII generacja (lifting),2007–2012,Hatchback,"Photorealistic 3D render of a 2007–2012 Honda Civic facelift hatchback, factory stock, in deep red. Elevated drone shot from the side: camera about 30 degrees above the car, looking at the car's left side profile, perpendicular to the car, the entire car centered with generous margin. Parked on dark graphite asphalt, soft overcast light with a subtle warm copper rim light along the roofline, background fading to deep charcoal. Accurate body shape, lights, wheels and proportions of this exact model year. No people, no text, no watermark, blank license plate."
9353,gen-9353.jpg,Honda,Civic,VIII generacja (2. lifting),2010–2012,Hatchback,"Photorealistic 3D render of a 2010–2012 Honda Civic facelift hatchback, factory stock, in pearl white. Elevated drone shot from the side: camera about 30 degrees above the car, looking at the car's left side profile, perpendicular to the car, the entire car centered with generous margin. Parked on dark graphite asphalt, soft overcast light with a subtle warm copper rim light along the roofline, background fading to deep charcoal. Accurate body shape, lights, wheels and proportions of this exact model year. No people, no text, no watermark, blank license plate."
770,gen-770.jpg,Honda,Civic,IX generacja,2012–2015,Hatchback,"Photorealistic 3D render of a 2012–2015 Honda Civic hatchback, factory stock, in jet black. Elevated drone shot from the side: camera about 30 degrees above the car, looking at the car's left side profile, perpendicular to the car, the entire car centered with generous margin. Parked on dark graphite asphalt, soft overcast light with a subtle warm copper rim light along the roofline, background fading to deep charcoal. Accurate body shape, lights, wheels and proportions of this exact model year. No people, no text, no watermark, blank license plate."
768,gen-768.jpg,Honda,Civic,IX generacja (lifting),2013–2018,Hatchback,"Photorealistic 3D render of a 2013–2018 Honda Civic facelift hatchback, factory stock, in metallic silver. Elevated drone shot from the side: camera about 30 degrees above the car, looking at the car's left side profile, perpendicular to the car, the entire car centered with generous margin. Parked on dark graphite asphalt, soft overcast light with a subtle warm copper rim light along the roofline, background fading to deep charcoal. Accurate body shape, lights, wheels and proportions of this exact model year. No people, no text, no watermark, blank license plate."
10810,gen-10810.jpg,Honda,Civic,X generacja,2015–2018,Hatchback,"Photorealistic 3D render of a 2015–2018 Honda Civic hatchback, factory stock, in jet black. Elevated drone shot from the side: camera about 30 degrees above the car, looking at the car's left side profile, perpendicular to the car, the entire car centered with generous margin. Parked on dark graphite asphalt, soft overcast light with a subtle warm copper rim light along the roofline, background fading to deep charcoal. Accurate body shape, lights, wheels and proportions of this exact model year. No people, no text, no watermark, blank license plate."
776,gen-776.jpg,Honda,Civic,II generacja,,Kombi,"Photorealistic 3D render of a Honda Civic station wagon, factory stock, in metallic silver. Elevated drone shot from the side: camera about 30 degrees above the car, looking at the car's left side profile, perpendicular to the car, the entire car centered with generous margin. Parked on dark graphite asphalt, soft overcast light with a subtle warm copper rim light along the roofline, background fading to deep charcoal. Accurate body shape, lights, wheels and proportions of this exact model year. No people, no text, no watermark, blank license plate."
8095,gen-8095.jpg,Honda,Civic,III generacja,,Kombi,"Photorealistic 3D render of a Honda Civic station wagon, factory stock, in dark green metallic. Elevated drone shot from the side: camera about 30 degrees above the car, looking at the car's left side profile, perpendicular to the car, the entire car centered with generous margin. Parked on dark graphite asphalt, soft overcast light with a subtle warm copper rim light along the roofline, background fading to deep charcoal. Accurate body shape, lights, wheels and proportions of this exact model year. No people, no text, no watermark, blank license plate."
8096,gen-8096.jpg,Honda,Civic,I generacja,,Hatchback,"Photorealistic 3D render of a Honda Civic hatchback, factory stock, in metallic silver. Elevated drone shot from the side: camera about 30 degrees above the car, looking at the car's left side profile, perpendicular to the car, the entire car centered with generous margin. Parked on dark graphite asphalt, soft overcast light with a subtle warm copper rim light along the roofline, background fading to deep charcoal. Accurate body shape, lights, wheels and proportions of this exact model year. No people, no text, no watermark, blank license plate."
5613,gen-5613.jpg,Honda,Concerto,HW,1988–1995,Sedan,"Photorealistic 3D render of a 1988–1995 Honda Concerto (HW) sedan, factory stock, in gunmetal grey metallic. Elevated drone shot from the side: camera about 30 degrees above the car, looking at the car's left side profile, perpendicular to the car, the entire car centered with generous margin. Parked on dark graphite asphalt, soft overcast light with a subtle warm copper rim light along the roofline, background fading to deep charcoal. Accurate body shape, lights, wheels and proportions of this exact model year. No people, no text, no watermark, blank license plate."
9354,gen-9354.jpg,Honda,Crossroad,I generacja,1993–1998,SUV,"Photorealistic 3D render of a 1993–1998 Honda Crossroad SUV, factory stock, in jet black. Elevated drone shot from the side: camera about 30 degrees above the car, looking at the car's left side profile, perpendicular to the car, the entire car centered with generous margin. Parked on dark graphite asphalt, soft overcast light with a subtle warm copper rim light along the roofline, background fading to deep charcoal. Accurate body shape, lights, wheels and proportions of this exact model year. No people, no text, no watermark, blank license plate."
8098,gen-8098.jpg,Honda,Crossroad,II generacja,2007–2010,Crossover,"Photorealistic 3D render of a 2007–2010 Honda Crossroad crossover SUV, factory stock, in jet black. Elevated drone shot from the side: camera about 30 degrees above the car, looking at the car's left side profile, perpendicular to the car, the entire car centered with generous margin. Parked on dark graphite asphalt, soft overcast light with a subtle warm copper rim light along the roofline, background fading to deep charcoal. Accurate body shape, lights, wheels and proportions of this exact model year. No people, no text, no watermark, blank license plate."
786,gen-786.jpg,Honda,Crosstour,I generacja,2009–2012,Crossover,"Photorealistic 3D render of a 2009–2012 Honda Crosstour crossover SUV, factory stock, in jet black. Elevated drone shot from the side: camera about 30 degrees above the car, looking at the car's left side profile, perpendicular to the car, the entire car centered with generous margin. Parked on dark graphite asphalt, soft overcast light with a subtle warm copper rim light along the roofline, background fading to deep charcoal. Accurate body shape, lights, wheels and proportions of this exact model year. No people, no text, no watermark, blank license plate."
785,gen-785.jpg,Honda,Crosstour,I generacja (lifting),2012–2015,Crossover,"Photorealistic 3D render of a 2012–2015 Honda Crosstour facelift crossover SUV, factory stock, in pearl white. Elevated drone shot from the side: camera about 30 degrees above the car, looking at the car's left side profile, perpendicular to the car, the entire car centered with generous margin. Parked on dark graphite asphalt, soft overcast light with a subtle warm copper rim light along the roofline, background fading to deep charcoal. Accurate body shape, lights, wheels and proportions of this exact model year. No people, no text, no watermark, blank license plate."
788,gen-788.jpg,Honda,Domani,I generacja,1992–1996,Sedan,"Photorealistic 3D render of a 1992–1996 Honda Domani sedan, factory stock, in dark blue metallic. Elevated drone shot from the side: camera about 30 degrees above the car, looking at the car's left side profile, perpendicular to the car, the entire car centered with generous margin. Parked on dark graphite asphalt, soft overcast light with a subtle warm copper rim light along the roofline, background fading to deep charcoal. Accurate body shape, lights, wheels and proportions of this exact model year. No people, no text, no watermark, blank license plate."
787,gen-787.jpg,Honda,Domani,II generacja,1997–2000,Sedan,"Photorealistic 3D render of a 1997–2000 Honda Domani sedan, factory stock, in deep red. Elevated drone shot from the side: camera about 30 degrees above the car, looking at the car's left side profile, perpendicular to the car, the entire car centered with generous margin. Parked on dark graphite asphalt, soft overcast light with a subtle warm copper rim light along the roofline, background fading to deep charcoal. Accurate body shape, lights, wheels and proportions of this exact model year. No people, no text, no watermark, blank license plate."
9355,gen-9355.jpg,Honda,Edix,I generacja,2004–2006,Minivan,"Photorealistic 3D render of a 2004–2006 Honda Edix minivan, factory stock, in deep red. Elevated drone shot from the side: camera about 30 degrees above the car, looking at the car's left side profile, perpendicular to the car, the entire car centered with generous margin. Parked on dark graphite asphalt, soft overcast light with a subtle warm copper rim light along the roofline, background fading to deep charcoal. Accurate body shape, lights, wheels and proportions of this exact model year. No people, no text, no watermark, blank license plate."
8099,gen-8099.jpg,Honda,Edix,I generacja (lifting),2006–2009,Minivan,"Photorealistic 3D render of a 2006–2009 Honda Edix facelift minivan, factory stock, in deep red. Elevated drone shot from the side: camera about 30 degrees above the car, looking at the car's left side profile, perpendicular to the car, the entire car centered with generous margin. Parked on dark graphite asphalt, soft overcast light with a subtle warm copper rim light along the roofline, background fading to deep charcoal. Accurate body shape, lights, wheels and proportions of this exact model year. No people, no text, no watermark, blank license plate."
790,gen-790.jpg,Honda,Element,I generacja,2003–2006,Crossover,"Photorealistic 3D render of a 2003–2006 Honda Element crossover SUV, factory stock, in champagne gold metallic. Elevated drone shot from the side: camera about 30 degrees above the car, looking at the car's left side profile, perpendicular to the car, the entire car centered with generous margin. Parked on dark graphite asphalt, soft overcast light with a subtle warm copper rim light along the roofline, background fading to deep charcoal. Accurate body shape, lights, wheels and proportions of this exact model year. No people, no text, no watermark, blank license plate."
789,gen-789.jpg,Honda,Element,I generacja (lifting),2006–2008,Crossover,"Photorealistic 3D render of a 2006–2008 Honda Element facelift crossover SUV, factory stock, in gunmetal grey metallic. Elevated drone shot from the side: camera about 30 degrees above the car, looking at the car's left side profile, perpendicular to the car, the entire car centered with generous margin. Parked on dark graphite asphalt, soft overcast light with a subtle warm copper rim light along the roofline, background fading to deep charcoal. Accurate body shape, lights, wheels and proportions of this exact model year. No people, no text, no watermark, blank license plate."
6615,gen-6615.jpg,Honda,Element,I generacja (2. lifting),2008–2010,Crossover,"Photorealistic 3D render of a 2008–2010 Honda Element facelift crossover SUV, factory stock, in dark green metallic. Elevated drone shot from the side: camera about 30 degrees above the car, looking at the car's left side profile, perpendicular to the car, the entire car centered with generous margin. Parked on dark graphite asphalt, soft overcast light with a subtle warm copper rim light along the roofline, background fading to deep charcoal. Accurate body shape, lights, wheels and proportions of this exact model year. No people, no text, no watermark, blank license plate."
8101,gen-8101.jpg,Honda,Elysion,I generacja,2004–2006,Minivan,"Photorealistic 3D render of a 2004–2006 Honda Elysion minivan, factory stock, in gunmetal grey metallic. Elevated drone shot from the side: camera about 30 degrees above the car, looking at the car's left side profile, perpendicular to the car, the entire car centered with generous margin. Parked on dark graphite asphalt, soft overcast light with a subtle warm copper rim light along the roofline, background fading to deep charcoal. Accurate body shape, lights, wheels and proportions of this exact model year. No people, no text, no watermark, blank license plate."
8100,gen-8100.jpg,Honda,Elysion,I generacja (lifting),2006–2008,Minivan,"Photorealistic 3D render of a 2006–2008 Honda Elysion facelift minivan, factory stock, in dark blue metallic. Elevated drone shot from the side: camera about 30 degrees above the car, looking at the car's left side profile, perpendicular to the car, the entire car centered with generous margin. Parked on dark graphite asphalt, soft overcast light with a subtle warm copper rim light along the roofline, background fading to deep charcoal. Accurate body shape, lights, wheels and proportions of this exact model year. No people, no text, no watermark, blank license plate."
9356,gen-9356.jpg,Honda,Elysion,I generacja (2. lifting),2008–2013,Minivan,"Photorealistic 3D render of a 2008–2013 Honda Elysion facelift minivan, factory stock, in dark blue metallic. Elevated drone shot from the side: camera about 30 degrees above the car, looking at the car's left side profile, perpendicular to the car, the entire car centered with generous margin. Parked on dark graphite asphalt, soft overcast light with a subtle warm copper rim light along the roofline, background fading to deep charcoal. Accurate body shape, lights, wheels and proportions of this exact model year. No people, no text, no watermark, blank license plate."
7237,gen-7237.jpg,Honda,FR-V,I generacja,2004–2009,Minivan,"Photorealistic 3D render of a 2004–2009 Honda FR-V minivan, factory stock, in gunmetal grey metallic. Elevated drone shot from the side: camera about 30 degrees above the car, looking at the car's left side profile, perpendicular to the car, the entire car centered with generous margin. Parked on dark graphite asphalt, soft overcast light with a subtle warm copper rim light along the roofline, background fading to deep charcoal. Accurate body shape, lights, wheels and proportions of this exact model year. No people, no text, no watermark, blank license plate."
792,gen-792.jpg,Honda,Fit,I generacja,2001–2007,Hatchback,"Photorealistic 3D render of a 2001–2007 Honda Fit hatchback, factory stock, in metallic silver. Elevated drone shot from the side: camera about 30 degrees above the car, looking at the car's left side profile, perpendicular to the car, the entire car centered with generous margin. Parked on dark graphite asphalt, soft overcast light with a subtle warm copper rim light along the roofline, background fading to deep charcoal. Accurate body shape, lights, wheels and proportions of this exact model year. No people, no text, no watermark, blank license plate."
791,gen-791.jpg,Honda,Fit,II generacja,2007–2010,Hatchback,"Photorealistic 3D render of a 2007–2010 Honda Fit hatchback, factory stock, in dark green metallic. Elevated drone shot from the side: camera about 30 degrees above the car, looking at the car's left side profile, perpendicular to the car, the entire car centered with generous margin. Parked on dark graphite asphalt, soft overcast light with a subtle warm copper rim light along the roofline, background fading to deep charcoal. Accurate body shape, lights, wheels and proportions of this exact model year. No people, no text, no watermark, blank license plate."
9358,gen-9358.jpg,Honda,Fit,II generacja (lifting),2010–2018,Hatchback,"Photorealistic 3D render of a 2010–2018 Honda Fit facelift hatchback, factory stock, in champagne gold metallic. Elevated drone shot from the side: camera about 30 degrees above the car, looking at the car's left side profile, perpendicular to the car, the entire car centered with generous margin. Parked on dark graphite asphalt, soft overcast light with a subtle warm copper rim light along the roofline, background fading to deep charcoal. Accurate body shape, lights, wheels and proportions of this exact model year. No people, no text, no watermark, blank license plate."
5834,gen-5834.jpg,Honda,Fit,III generacja,2013–2018,Hatchback,"Photorealistic 3D render of a 2013–2018 Honda Fit hatchback, factory stock, in jet black. Elevated drone shot from the side: camera about 30 degrees above the car, looking at the car's left side profile, perpendicular to the car, the entire car centered with generous margin. Parked on dark graphite asphalt, soft overcast light with a subtle warm copper rim light along the roofline, background fading to deep charcoal. Accurate body shape, lights, wheels and proportions of this exact model year. No people, no text, no watermark, blank license plate."
9357,gen-9357.jpg,Honda,Fit Aria,I generacja,2002–2005,Sedan,"Photorealistic 3D render of a 2002–2005 Honda Fit Aria sedan, factory stock, in gunmetal grey metallic. Elevated drone shot from the side: camera about 30 degrees above the car, looking at the car's left side profile, perpendicular to the car, the entire car centered with generous margin. Parked on dark graphite asphalt, soft overcast light with a subtle warm copper rim light along the roofline, background fading to deep charcoal. Accurate body shape, lights, wheels and proportions of this exact model year. No people, no text, no watermark, blank license plate."
7236,gen-7236.jpg,Honda,Fit Aria,I generacja (lifting),2005–2008,Sedan,"Photorealistic 3D render of a 2005–2008 Honda Fit Aria facelift sedan, factory stock, in dark blue metallic. Elevated drone shot from the side: camera about 30 degrees above the car, looking at the car's left side profile, perpendicular to the car, the entire car centered with generous margin. Parked on dark graphite asphalt, soft overcast light with a subtle warm copper rim light along the roofline, background fading to deep charcoal. Accurate body shape, lights, wheels and proportions of this exact model year. No people, no text, no watermark, blank license plate."
10231,gen-10231.jpg,Honda,Fit Shuttle,I generacja,2011–2013,Kombi,"Photorealistic 3D render of a 2011–2013 Honda Fit Shuttle station wagon, factory stock, in dark green metallic. Elevated drone shot from the side: camera about 30 degrees above the car, looking at the car's left side profile, perpendicular to the car, the entire car centered with generous margin. Parked on dark graphite asphalt, soft overcast light with a subtle warm copper rim light along the roofline, background fading to deep charcoal. Accurate body shape, lights, wheels and proportions of this exact model year. No people, no text, no watermark, blank license plate."
10230,gen-10230.jpg,Honda,Fit Shuttle,I generacja (lifting),2013–2015,Kombi,"Photorealistic 3D render of a 2013–2015 Honda Fit Shuttle facelift station wagon, factory stock, in champagne gold metallic. Elevated drone shot from the side: camera about 30 degrees above the car, looking at the car's left side profile, perpendicular to the car, the entire car centered with generous margin. Parked on dark graphite asphalt, soft overcast light with a subtle warm copper rim light along the roofline, background fading to deep charcoal. Accurate body shape, lights, wheels and proportions of this exact model year. No people, no text, no watermark, blank license plate."
9359,gen-9359.jpg,Honda,Freed,I generacja,2008–2011,Minivan,"Photorealistic 3D render of a 2008–2011 Honda Freed minivan, factory stock, in dark green metallic. Elevated drone shot from the side: camera about 30 degrees above the car, looking at the car's left side profile, perpendicular to the car, the entire car centered with generous margin. Parked on dark graphite asphalt, soft overcast light with a subtle warm copper rim light along the roofline, background fading to deep charcoal. Accurate body shape, lights, wheels and proportions of this exact model year. No people, no text, no watermark, blank license plate."
8102,gen-8102.jpg,Honda,Freed,I generacja (lifting),2011–2014,Minivan,"Photorealistic 3D render of a 2011–2014 Honda Freed facelift minivan, factory stock, in champagne gold metallic. Elevated drone shot from the side: camera about 30 degrees above the car, looking at the car's left side profile, perpendicular to the car, the entire car centered with generous margin. Parked on dark graphite asphalt, soft overcast light with a subtle warm copper rim light along the roofline, background fading to deep charcoal. Accurate body shape, lights, wheels and proportions of this exact model year. No people, no text, no watermark, blank license plate."
6617,gen-6617.jpg,Honda,HR-V,I generacja,1998–2001,Crossover,"Photorealistic 3D render of a 1998–2001 Honda HR-V crossover SUV, factory stock, in pearl white. Elevated drone shot from the side: camera about 30 degrees above the car, looking at the car's left side profile, perpendicular to the car, the entire car centered with generous margin. Parked on dark graphite asphalt, soft overcast light with a subtle warm copper rim light along the roofline, background fading to deep charcoal. Accurate body shape, lights, wheels and proportions of this exact model year. No people, no text, no watermark, blank license plate."
6671,gen-6671.jpg,Honda,HR-V,I generacja (lifting),2001–2006,Crossover,"Photorealistic 3D render of a 2001–2006 Honda HR-V facelift crossover SUV, factory stock, in dark green metallic. Elevated drone shot from the side: camera about 30 degrees above the car, looking at the car's left side profile, perpendicular to the car, the entire car centered with generous margin. Parked on dark graphite asphalt, soft overcast light with a subtle warm copper rim light along the roofline, background fading to deep charcoal. Accurate body shape, lights, wheels and proportions of this exact model year. No people, no text, no watermark, blank license plate."
6616,gen-6616.jpg,Honda,HR-V,II generacja,2015–2018,Crossover,"Photorealistic 3D render of a 2015–2018 Honda HR-V crossover SUV, factory stock, in metallic silver. Elevated drone shot from the side: camera about 30 degrees above the car, looking at the car's left side profile, perpendicular to the car, the entire car centered with generous margin. Parked on dark graphite asphalt, soft overcast light with a subtle warm copper rim light along the roofline, background fading to deep charcoal. Accurate body shape, lights, wheels and proportions of this exact model year. No people, no text, no watermark, blank license plate."
795,gen-795.jpg,Honda,Insight,I generacja,1999–2006,Hatchback,"Photorealistic 3D render of a 1999–2006 Honda Insight hatchback, factory stock, in deep red. Elevated drone shot from the side: camera about 30 degrees above the car, looking at the car's left side profile, perpendicular to the car, the entire car centered with generous margin. Parked on dark graphite asphalt, soft overcast light with a subtle warm copper rim light along the roofline, background fading to deep charcoal. Accurate body shape, lights, wheels and proportions of this exact model year. No people, no text, no watermark, blank license plate."
794,gen-794.jpg,Honda,Insight,II generacja,2009–2011,Hatchback,"Photorealistic 3D render of a 2009–2011 Honda Insight hatchback, factory stock, in jet black. Elevated drone shot from the side: camera about 30 degrees above the car, looking at the car's left side profile, perpendicular to the car, the entire car centered with generous margin. Parked on dark graphite asphalt, soft overcast light with a subtle warm copper rim light along the roofline, background fading to deep charcoal. Accurate body shape, lights, wheels and proportions of this exact model year. No people, no text, no watermark, blank license plate."
5997,gen-5997.jpg,Honda,Insight,II generacja (lifting),2011–2015,Hatchback,"Photorealistic 3D render of a 2011–2015 Honda Insight facelift hatchback, factory stock, in gunmetal grey metallic. Elevated drone shot from the side: camera about 30 degrees above the car, looking at the car's left side profile, perpendicular to the car, the entire car centered with generous margin. Parked on dark graphite asphalt, soft overcast light with a subtle warm copper rim light along the roofline, background fading to deep charcoal. Accurate body shape, lights, wheels and proportions of this exact model year. No people, no text, no watermark, blank license plate."
800,gen-800.jpg,Honda,Inspire,I generacja,1989–1995,Sedan,"Photorealistic 3D render of a 1989–1995 Honda Inspire sedan, factory stock, in metallic silver. Elevated drone shot from the side: camera about 30 degrees above the car, looking at the car's left side profile, perpendicular to the car, the entire car centered with generous margin. Parked on dark graphite asphalt, soft overcast light with a subtle warm copper rim light along the roofline, background fading to deep charcoal. Accurate body shape, lights, wheels and proportions of this exact model year. No people, no text, no watermark, blank license plate."
799,gen-799.jpg,Honda,Inspire,II generacja,1995–1998,Sedan,"Photorealistic 3D render of a 1995–1998 Honda Inspire sedan, factory stock, in dark green metallic. Elevated drone shot from the side: camera about 30 degrees above the car, looking at the car's left side profile, perpendicular to the car, the entire car centered with generous margin. Parked on dark graphite asphalt, soft overcast light with a subtle warm copper rim light along the roofline, background fading to deep charcoal. Accurate body shape, lights, wheels and proportions of this exact model year. No people, no text, no watermark, blank license plate."
798,gen-798.jpg,Honda,Inspire,III generacja,1998–2003,Sedan,"Photorealistic 3D render of a 1998–2003 Honda Inspire sedan, factory stock, in champagne gold metallic. Elevated drone shot from the side: camera about 30 degrees above the car, looking at the car's left side profile, perpendicular to the car, the entire car centered with generous margin. Parked on dark graphite asphalt, soft overcast light with a subtle warm copper rim light along the roofline, background fading to deep charcoal. Accurate body shape, lights, wheels and proportions of this exact model year. No people, no text, no watermark, blank license plate."
797,gen-797.jpg,Honda,Inspire,IV generacja,2003–2005,Sedan,"Photorealistic 3D render of a 2003–2005 Honda Inspire sedan, factory stock, in gunmetal grey metallic. Elevated drone shot from the side: camera about 30 degrees above the car, looking at the car's left side profile, perpendicular to the car, the entire car centered with generous margin. Parked on dark graphite asphalt, soft overcast light with a subtle warm copper rim light along the roofline, background fading to deep charcoal. Accurate body shape, lights, wheels and proportions of this exact model year. No people, no text, no watermark, blank license plate."
5999,gen-5999.jpg,Honda,Inspire,IV generacja (lifting),2005–2007,Sedan,"Photorealistic 3D render of a 2005–2007 Honda Inspire facelift sedan, factory stock, in dark green metallic. Elevated drone shot from the side: camera about 30 degrees above the car, looking at the car's left side profile, perpendicular to the car, the entire car centered with generous margin. Parked on dark graphite asphalt, soft overcast light with a subtle warm copper rim light along the roofline, background fading to deep charcoal. Accurate body shape, lights, wheels and proportions of this exact model year. No people, no text, no watermark, blank license plate."
796,gen-796.jpg,Honda,Inspire,V generacja,2007–2010,Sedan,"Photorealistic 3D render of a 2007–2010 Honda Inspire sedan, factory stock, in dark blue metallic. Elevated drone shot from the side: camera about 30 degrees above the car, looking at the car's left side profile, perpendicular to the car, the entire car centered with generous margin. Parked on dark graphite asphalt, soft overcast light with a subtle warm copper rim light along the roofline, background fading to deep charcoal. Accurate body shape, lights, wheels and proportions of this exact model year. No people, no text, no watermark, blank license plate."
5998,gen-5998.jpg,Honda,Inspire,V generacja (lifting),2010–2012,Sedan,"Photorealistic 3D render of a 2010–2012 Honda Inspire facelift sedan, factory stock, in champagne gold metallic. Elevated drone shot from the side: camera about 30 degrees above the car, looking at the car's left side profile, perpendicular to the car, the entire car centered with generous margin. Parked on dark graphite asphalt, soft overcast light with a subtle warm copper rim light along the roofline, background fading to deep charcoal. Accurate body shape, lights, wheels and proportions of this exact model year. No people, no text, no watermark, blank license plate."
804,gen-804.jpg,Honda,Integra,I generacja,1985–1989,Sedan,"Photorealistic 3D render of a 1985–1989 Honda Integra sedan, factory stock, in dark blue metallic. Elevated drone shot from the side: camera about 30 degrees above the car, looking at the car's left side profile, perpendicular to the car, the entire car centered with generous margin. Parked on dark graphite asphalt, soft overcast light with a subtle warm copper rim light along the roofline, background fading to deep charcoal. Accurate body shape, lights, wheels and proportions of this exact model year. No people, no text, no watermark, blank license plate."
803,gen-803.jpg,Honda,Integra,II generacja,1989–1993,Hardtop,"Photorealistic 3D render of a 1989–1993 Honda Integra hardtop, factory stock, in deep red. Elevated drone shot from the side: camera about 30 degrees above the car, looking at the car's left side profile, perpendicular to the car, the entire car centered with generous margin. Parked on dark graphite asphalt, soft overcast light with a subtle warm copper rim light along the roofline, background fading to deep charcoal. Accurate body shape, lights, wheels and proportions of this exact model year. No people, no text, no watermark, blank license plate."
802,gen-802.jpg,Honda,Integra,III generacja,1993–1995,Sedan,"Photorealistic 3D render of a 1993–1995 Honda Integra sedan, factory stock, in jet black. Elevated drone shot from the side: camera about 30 degrees above the car, looking at the car's left side profile, perpendicular to the car, the entire car centered with generous margin. Parked on dark graphite asphalt, soft overcast light with a subtle warm copper rim light along the roofline, background fading to deep charcoal. Accurate body shape, lights, wheels and proportions of this exact model year. No people, no text, no watermark, blank license plate."
6003,gen-6003.jpg,Honda,Integra,III generacja (lifting),1995–2001,Sedan,"Photorealistic 3D render of a 1995–2001 Honda Integra facelift sedan, factory stock, in deep red. Elevated drone shot from the side: camera about 30 degrees above the car, looking at the car's left side profile, perpendicular to the car, the entire car centered with generous margin. Parked on dark graphite asphalt, soft overcast light with a subtle warm copper rim light along the roofline, background fading to deep charcoal. Accurate body shape, lights, wheels and proportions of this exact model year. No people, no text, no watermark, blank license plate."
801,gen-801.jpg,Honda,Integra,IV generacja,2001–2004,Coupe,"Photorealistic 3D render of a 2001–2004 Honda Integra coupe, factory stock, in pearl white. Elevated drone shot from the side: camera about 30 degrees above the car, looking at the car's left side profile, perpendicular to the car, the entire car centered with generous margin. Parked on dark graphite asphalt, soft overcast light with a subtle warm copper rim light along the roofline, background fading to deep charcoal. Accurate body shape, lights, wheels and proportions of this exact model year. No people, no text, no watermark, blank license plate."
6002,gen-6002.jpg,Honda,Integra,IV generacja (lifting),2004–2006,Coupe,"Photorealistic 3D render of a 2004–2006 Honda Integra facelift coupe, factory stock, in jet black. Elevated drone shot from the side: camera about 30 degrees above the car, looking at the car's left side profile, perpendicular to the car, the entire car centered with generous margin. Parked on dark graphite asphalt, soft overcast light with a subtle warm copper rim light along the roofline, background fading to deep charcoal. Accurate body shape, lights, wheels and proportions of this exact model year. No people, no text, no watermark, blank license plate."
107979,gen-107979.jpg,Honda,Jade,I generacja (lifting),2013–2018,Minivan,"Photorealistic 3D render of a 2013–2018 Honda Jade facelift minivan, factory stock, in deep red. Elevated drone shot from the side: camera about 30 degrees above the car, looking at the car's left side profile, perpendicular to the car, the entire car centered with generous margin. Parked on dark graphite asphalt, soft overcast light with a subtle warm copper rim light along the roofline, background fading to deep charcoal. Accurate body shape, lights, wheels and proportions of this exact model year. No people, no text, no watermark, blank license plate."
107980,gen-107980.jpg,Honda,Jade,I generacja,2013–2018,Minivan,"Photorealistic 3D render of a 2013–2018 Honda Jade minivan, factory stock, in dark blue metallic. Elevated drone shot from the side: camera about 30 degrees above the car, looking at the car's left side profile, perpendicular to the car, the entire car centered with generous margin. Parked on dark graphite asphalt, soft overcast light with a subtle warm copper rim light along the roofline, background fading to deep charcoal. Accurate body shape, lights, wheels and proportions of this exact model year. No people, no text, no watermark, blank license plate."
806,gen-806.jpg,Honda,Jazz,I generacja,2001–2004,Hatchback,"Photorealistic 3D render of a 2001–2004 Honda Jazz hatchback, factory stock, in champagne gold metallic. Elevated drone shot from the side: camera about 30 degrees above the car, looking at the car's left side profile, perpendicular to the car, the entire car centered with generous margin. Parked on dark graphite asphalt, soft overcast light with a subtle warm copper rim light along the roofline, background fading to deep charcoal. Accurate body shape, lights, wheels and proportions of this exact model year. No people, no text, no watermark, blank license plate."
6005,gen-6005.jpg,Honda,Jazz,I generacja (lifting),2004–2008,Hatchback,"Photorealistic 3D render of a 2004–2008 Honda Jazz facelift hatchback, factory stock, in gunmetal grey metallic. Elevated drone shot from the side: camera about 30 degrees above the car, looking at the car's left side profile, perpendicular to the car, the entire car centered with generous margin. Parked on dark graphite asphalt, soft overcast light with a subtle warm copper rim light along the roofline, background fading to deep charcoal. Accurate body shape, lights, wheels and proportions of this exact model year. No people, no text, no watermark, blank license plate."
805,gen-805.jpg,Honda,Jazz,II generacja,2007–2011,Hatchback,"Photorealistic 3D render of a 2007–2011 Honda Jazz hatchback, factory stock, in gunmetal grey metallic. Elevated drone shot from the side: camera about 30 degrees above the car, looking at the car's left side profile, perpendicular to the car, the entire car centered with generous margin. Parked on dark graphite asphalt, soft overcast light with a subtle warm copper rim light along the roofline, background fading to deep charcoal. Accurate body shape, lights, wheels and proportions of this exact model year. No people, no text, no watermark, blank license plate."
6004,gen-6004.jpg,Honda,Jazz,II generacja (lifting),2011–2015,Hatchback,"Photorealistic 3D render of a 2011–2015 Honda Jazz facelift hatchback, factory stock, in dark blue metallic. Elevated drone shot from the side: camera about 30 degrees above the car, looking at the car's left side profile, perpendicular to the car, the entire car centered with generous margin. Parked on dark graphite asphalt, soft overcast light with a subtle warm copper rim light along the roofline, background fading to deep charcoal. Accurate body shape, lights, wheels and proportions of this exact model year. No people, no text, no watermark, blank license plate."
9054,gen-9054.jpg,Honda,Legend,I generacja,1985–1991,Sedan,"Photorealistic 3D render of a 1985–1991 Honda Legend sedan, factory stock, in champagne gold metallic. Elevated drone shot from the side: camera about 30 degrees above the car, looking at the car's left side profile, perpendicular to the car, the entire car centered with generous margin. Parked on dark graphite asphalt, soft overcast light with a subtle warm copper rim light along the roofline, background fading to deep charcoal. Accurate body shape, lights, wheels and proportions of this exact model year. No people, no text, no watermark, blank license plate."
810,gen-810.jpg,Honda,Legend,II generacja,1990–1996,Coupe,"Photorealistic 3D render of a 1990–1996 Honda Legend coupe, factory stock, in jet black. Elevated drone shot from the side: camera about 30 degrees above the car, looking at the car's left side profile, perpendicular to the car, the entire car centered with generous margin. Parked on dark graphite asphalt, soft overcast light with a subtle warm copper rim light along the roofline, background fading to deep charcoal. Accurate body shape, lights, wheels and proportions of this exact model year. No people, no text, no watermark, blank license plate."
808,gen-808.jpg,Honda,Legend,III generacja,1996–2004,Sedan,"Photorealistic 3D render of a 1996–2004 Honda Legend sedan, factory stock, in metallic silver. Elevated drone shot from the side: camera about 30 degrees above the car, looking at the car's left side profile, perpendicular to the car, the entire car centered with generous margin. Parked on dark graphite asphalt, soft overcast light with a subtle warm copper rim light along the roofline, background fading to deep charcoal. Accurate body shape, lights, wheels and proportions of this exact model year. No people, no text, no watermark, blank license plate."
9360,gen-9360.jpg,Honda,Legend,III generacja (lifting),1998–2004,Sedan,"Photorealistic 3D render of a 1998–2004 Honda Legend facelift sedan, factory stock, in metallic silver. Elevated drone shot from the side: camera about 30 degrees above the car, looking at the car's left side profile, perpendicular to the car, the entire car centered with generous margin. Parked on dark graphite asphalt, soft overcast light with a subtle warm copper rim light along the roofline, background fading to deep charcoal. Accurate body shape, lights, wheels and proportions of this exact model year. No people, no text, no watermark, blank license plate."
807,gen-807.jpg,Honda,Legend,IV generacja,2004–2008,Sedan,"Photorealistic 3D render of a 2004–2008 Honda Legend sedan, factory stock, in dark green metallic. Elevated drone shot from the side: camera about 30 degrees above the car, looking at the car's left side profile, perpendicular to the car, the entire car centered with generous margin. Parked on dark graphite asphalt, soft overcast light with a subtle warm copper rim light along the roofline, background fading to deep charcoal. Accurate body shape, lights, wheels and proportions of this exact model year. No people, no text, no watermark, blank license plate."
6006,gen-6006.jpg,Honda,Legend,IV generacja (lifting),2008–2010,Sedan,"Photorealistic 3D render of a 2008–2010 Honda Legend facelift sedan, factory stock, in champagne gold metallic. Elevated drone shot from the side: camera about 30 degrees above the car, looking at the car's left side profile, perpendicular to the car, the entire car centered with generous margin. Parked on dark graphite asphalt, soft overcast light with a subtle warm copper rim light along the roofline, background fading to deep charcoal. Accurate body shape, lights, wheels and proportions of this exact model year. No people, no text, no watermark, blank license plate."
9363,gen-9363.jpg,Honda,Life,I generacja,1971–1974,Pikap,"Photorealistic 3D render of a 1971–1974 Honda Life pickup truck, factory stock, in deep red. Elevated drone shot from the side: camera about 30 degrees above the car, looking at the car's left side profile, perpendicular to the car, the entire car centered with generous margin. Parked on dark graphite asphalt, soft overcast light with a subtle warm copper rim light along the roofline, background fading to deep charcoal. Accurate body shape, lights, wheels and proportions of this exact model year. No people, no text, no watermark, blank license plate."
8105,gen-8105.jpg,Honda,Life,II generacja,1997–1998,Hatchback,"Photorealistic 3D render of a 1997–1998 Honda Life hatchback, factory stock, in pearl white. Elevated drone shot from the side: camera about 30 degrees above the car, looking at the car's left side profile, perpendicular to the car, the entire car centered with generous margin. Parked on dark graphite asphalt, soft overcast light with a subtle warm copper rim light along the roofline, background fading to deep charcoal. Accurate body shape, lights, wheels and proportions of this exact model year. No people, no text, no watermark, blank license plate."
813,gen-813.jpg,Honda,Life,III generacja,1998–2001,Hatchback,"Photorealistic 3D render of a 1998–2001 Honda Life hatchback, factory stock, in gunmetal grey metallic. Elevated drone shot from the side: camera about 30 degrees above the car, looking at the car's left side profile, perpendicular to the car, the entire car centered with generous margin. Parked on dark graphite asphalt, soft overcast light with a subtle warm copper rim light along the roofline, background fading to deep charcoal. Accurate body shape, lights, wheels and proportions of this exact model year. No people, no text, no watermark, blank license plate."
9362,gen-9362.jpg,Honda,Life,III generacja (lifting),2001–2003,Hatchback,"Photorealistic 3D render of a 2001–2003 Honda Life facelift hatchback, factory stock, in jet black. Elevated drone shot from the side: camera about 30 degrees above the car, looking at the car's left side profile, perpendicular to the car, the entire car centered with generous margin. Parked on dark graphite asphalt, soft overcast light with a subtle warm copper rim light along the roofline, background fading to deep charcoal. Accurate body shape, lights, wheels and proportions of this exact model year. No people, no text, no watermark, blank license plate."
812,gen-812.jpg,Honda,Life,IV generacja,2003–2006,Hatchback,"Photorealistic 3D render of a 2003–2006 Honda Life hatchback, factory stock, in dark blue metallic. Elevated drone shot from the side: camera about 30 degrees above the car, looking at the car's left side profile, perpendicular to the car, the entire car centered with generous margin. Parked on dark graphite asphalt, soft overcast light with a subtle warm copper rim light along the roofline, background fading to deep charcoal. Accurate body shape, lights, wheels and proportions of this exact model year. No people, no text, no watermark, blank license plate."
9361,gen-9361.jpg,Honda,Life,IV generacja (lifting),2006–2008,Hatchback,"Photorealistic 3D render of a 2006–2008 Honda Life facelift hatchback, factory stock, in pearl white. Elevated drone shot from the side: camera about 30 degrees above the car, looking at the car's left side profile, perpendicular to the car, the entire car centered with generous margin. Parked on dark graphite asphalt, soft overcast light with a subtle warm copper rim light along the roofline, background fading to deep charcoal. Accurate body shape, lights, wheels and proportions of this exact model year. No people, no text, no watermark, blank license plate."
811,gen-811.jpg,Honda,Life,V generacja,2008–2010,Hatchback,"Photorealistic 3D render of a 2008–2010 Honda Life hatchback, factory stock, in deep red. Elevated drone shot from the side: camera about 30 degrees above the car, looking at the car's left side profile, perpendicular to the car, the entire car centered with generous margin. Parked on dark graphite asphalt, soft overcast light with a subtle warm copper rim light along the roofline, background fading to deep charcoal. Accurate body shape, lights, wheels and proportions of this exact model year. No people, no text, no watermark, blank license plate."
6007,gen-6007.jpg,Honda,Life,V generacja (lifting),2010–2014,Hatchback,"Photorealistic 3D render of a 2010–2014 Honda Life facelift hatchback, factory stock, in dark green metallic. Elevated drone shot from the side: camera about 30 degrees above the car, looking at the car's left side profile, perpendicular to the car, the entire car centered with generous margin. Parked on dark graphite asphalt, soft overcast light with a subtle warm copper rim light along the roofline, background fading to deep charcoal. Accurate body shape, lights, wheels and proportions of this exact model year. No people, no text, no watermark, blank license plate."
9365,gen-9365.jpg,Honda,Logo,I generacja,1996–1998,Hatchback,"Photorealistic 3D render of a 1996–1998 Honda Logo hatchback, factory stock, in gunmetal grey metallic. Elevated drone shot from the side: camera about 30 degrees above the car, looking at the car's left side profile, perpendicular to the car, the entire car centered with generous margin. Parked on dark graphite asphalt, soft overcast light with a subtle warm copper rim light along the roofline, background fading to deep charcoal. Accurate body shape, lights, wheels and proportions of this exact model year. No people, no text, no watermark, blank license plate."
9364,gen-9364.jpg,Honda,Logo,I generacja (lifting),1998–2000,Hatchback,"Photorealistic 3D render of a 1998–2000 Honda Logo facelift hatchback, factory stock, in dark blue metallic. Elevated drone shot from the side: camera about 30 degrees above the car, looking at the car's left side profile, perpendicular to the car, the entire car centered with generous margin. Parked on dark graphite asphalt, soft overcast light with a subtle warm copper rim light along the roofline, background fading to deep charcoal. Accurate body shape, lights, wheels and proportions of this exact model year. No people, no text, no watermark, blank license plate."
5615,gen-5615.jpg,Honda,Logo,I generacja (2. lifting),2000–2001,Hatchback,"Photorealistic 3D render of a 2000–2001 Honda Logo facelift hatchback, factory stock, in dark green metallic. Elevated drone shot from the side: camera about 30 degrees above the car, looking at the car's left side profile, perpendicular to the car, the entire car centered with generous margin. Parked on dark graphite asphalt, soft overcast light with a subtle warm copper rim light along the roofline, background fading to deep charcoal. Accurate body shape, lights, wheels and proportions of this exact model year. No people, no text, no watermark, blank license plate."
8109,gen-8109.jpg,Honda,Mobilio,I generacja,2001–2004,Minivan,"Photorealistic 3D render of a 2001–2004 Honda Mobilio minivan, factory stock, in gunmetal grey metallic. Elevated drone shot from the side: camera about 30 degrees above the car, looking at the car's left side profile, perpendicular to the car, the entire car centered with generous margin. Parked on dark graphite asphalt, soft overcast light with a subtle warm copper rim light along the roofline, background fading to deep charcoal. Accurate body shape, lights, wheels and proportions of this exact model year. No people, no text, no watermark, blank license plate."
8108,gen-8108.jpg,Honda,Mobilio,I generacja (lifting),2004–2008,Minivan,"Photorealistic 3D render of a 2004–2008 Honda Mobilio facelift minivan, factory stock, in dark blue metallic. Elevated drone shot from the side: camera about 30 degrees above the car, looking at the car's left side profile, perpendicular to the car, the entire car centered with generous margin. Parked on dark graphite asphalt, soft overcast light with a subtle warm copper rim light along the roofline, background fading to deep charcoal. Accurate body shape, lights, wheels and proportions of this exact model year. No people, no text, no watermark, blank license plate."
10233,gen-10233.jpg,Honda,Mobilio Spike,I generacja,2002–2005,Minivan,"Photorealistic 3D render of a 2002–2005 Honda Mobilio Spike minivan, factory stock, in pearl white. Elevated drone shot from the side: camera about 30 degrees above the car, looking at the car's left side profile, perpendicular to the car, the entire car centered with generous margin. Parked on dark graphite asphalt, soft overcast light with a subtle warm copper rim light along the roofline, background fading to deep charcoal. Accurate body shape, lights, wheels and proportions of this exact model year. No people, no text, no watermark, blank license plate."
10232,gen-10232.jpg,Honda,Mobilio Spike,I generacja (lifting),2005–2008,Minivan,"Photorealistic 3D render of a 2005–2008 Honda Mobilio Spike facelift minivan, factory stock, in metallic silver. Elevated drone shot from the side: camera about 30 degrees above the car, looking at the car's left side profile, perpendicular to the car, the entire car centered with generous margin. Parked on dark graphite asphalt, soft overcast light with a subtle warm copper rim light along the roofline, background fading to deep charcoal. Accurate body shape, lights, wheels and proportions of this exact model year. No people, no text, no watermark, blank license plate."
9366,gen-9366.jpg,Honda,NSX,I generacja,1992–1999,Targa,"Photorealistic 3D render of a 1992–1999 Honda NSX targa-top sports car, factory stock, in champagne gold metallic. Elevated drone shot from the side: camera about 30 degrees above the car, looking at the car's left side profile, perpendicular to the car, the entire car centered with generous margin. Parked on dark graphite asphalt, soft overcast light with a subtle warm copper rim light along the roofline, background fading to deep charcoal. Accurate body shape, lights, wheels and proportions of this exact model year. No people, no text, no watermark, blank license plate."
8110,gen-8110.jpg,Honda,NSX,II generacja,2001–2005,Targa,"Photorealistic 3D render of a 2001–2005 Honda NSX targa-top sports car, factory stock, in champagne gold metallic. Elevated drone shot from the side: camera about 30 degrees above the car, looking at the car's left side profile, perpendicular to the car, the entire car centered with generous margin. Parked on dark graphite asphalt, soft overcast light with a subtle warm copper rim light along the roofline, background fading to deep charcoal. Accurate body shape, lights, wheels and proportions of this exact model year. No people, no text, no watermark, blank license plate."
822,gen-822.jpg,Honda,Odyssey,I generacja,1994–1999,Minivan,"Photorealistic 3D render of a 1994–1999 Honda Odyssey minivan, factory stock, in champagne gold metallic. Elevated drone shot from the side: camera about 30 degrees above the car, looking at the car's left side profile, perpendicular to the car, the entire car centered with generous margin. Parked on dark graphite asphalt, soft overcast light with a subtle warm copper rim light along the roofline, background fading to deep charcoal. Accurate body shape, lights, wheels and proportions of this exact model year. No people, no text, no watermark, blank license plate."
821,gen-821.jpg,Honda,Odyssey,II generacja,1998–2003,Minivan,"Photorealistic 3D render of a 1998–2003 Honda Odyssey minivan, factory stock, in gunmetal grey metallic. Elevated drone shot from the side: camera about 30 degrees above the car, looking at the car's left side profile, perpendicular to the car, the entire car centered with generous margin. Parked on dark graphite asphalt, soft overcast light with a subtle warm copper rim light along the roofline, background fading to deep charcoal. Accurate body shape, lights, wheels and proportions of this exact model year. No people, no text, no watermark, blank license plate."
9370,gen-9370.jpg,Honda,Odyssey,II generacja (lifting),2001–2004,Minivan,"Photorealistic 3D render of a 2001–2004 Honda Odyssey facelift minivan, factory stock, in jet black. Elevated drone shot from the side: camera about 30 degrees above the car, looking at the car's left side profile, perpendicular to the car, the entire car centered with generous margin. Parked on dark graphite asphalt, soft overcast light with a subtle warm copper rim light along the roofline, background fading to deep charcoal. Accurate body shape, lights, wheels and proportions of this exact model year. No people, no text, no watermark, blank license plate."
820,gen-820.jpg,Honda,Odyssey,III generacja,2003–2007,Minivan,"Photorealistic 3D render of a 2003–2007 Honda Odyssey minivan, factory stock, in dark blue metallic. Elevated drone shot from the side: camera about 30 degrees above the car, looking at the car's left side profile, perpendicular to the car, the entire car centered with generous margin. Parked on dark graphite asphalt, soft overcast light with a subtle warm copper rim light along the roofline, background fading to deep charcoal. Accurate body shape, lights, wheels and proportions of this exact model year. No people, no text, no watermark, blank license plate."
9369,gen-9369.jpg,Honda,Odyssey,III generacja (lifting),2007–2010,Minivan,"Photorealistic 3D render of a 2007–2010 Honda Odyssey facelift minivan, factory stock, in pearl white. Elevated drone shot from the side: camera about 30 degrees above the car, looking at the car's left side profile, perpendicular to the car, the entire car centered with generous margin. Parked on dark graphite asphalt, soft overcast light with a subtle warm copper rim light along the roofline, background fading to deep charcoal. Accurate body shape, lights, wheels and proportions of this exact model year. No people, no text, no watermark, blank license plate."
819,gen-819.jpg,Honda,Odyssey,IV generacja,2008–2013,Minivan,"Photorealistic 3D render of a 2008–2013 Honda Odyssey minivan, factory stock, in deep red. Elevated drone shot from the side: camera about 30 degrees above the car, looking at the car's left side profile, perpendicular to the car, the entire car centered with generous margin. Parked on dark graphite asphalt, soft overcast light with a subtle warm copper rim light along the roofline, background fading to deep charcoal. Accurate body shape, lights, wheels and proportions of this exact model year. No people, no text, no watermark, blank license plate."
9368,gen-9368.jpg,Honda,Odyssey,IV generacja (lifting),2011–2018,Minivan,"Photorealistic 3D render of a 2011–2018 Honda Odyssey facelift minivan, factory stock, in metallic silver. Elevated drone shot from the side: camera about 30 degrees above the car, looking at the car's left side profile, perpendicular to the car, the entire car centered with generous margin. Parked on dark graphite asphalt, soft overcast light with a subtle warm copper rim light along the roofline, background fading to deep charcoal. Accurate body shape, lights, wheels and proportions of this exact model year. No people, no text, no watermark, blank license plate."
9367,gen-9367.jpg,Honda,Odyssey,V generacja,2013–2018,Minivan,"Photorealistic 3D render of a 2013–2018 Honda Odyssey minivan, factory stock, in dark green metallic. Elevated drone shot from the side: camera about 30 degrees above the car, looking at the car's left side profile, perpendicular to the car, the entire car centered with generous margin. Parked on dark graphite asphalt, soft overcast light with a subtle warm copper rim light along the roofline, background fading to deep charcoal. Accurate body shape, lights, wheels and proportions of this exact model year. No people, no text, no watermark, blank license plate."
6983,gen-6983.jpg,Honda,Orthia,I generacja,1996–1999,Kombi,"Photorealistic 3D render of a 1996–1999 Honda Orthia station wagon, factory stock, in dark green metallic. Elevated drone shot from the side: camera about 30 degrees above the car, looking at the car's left side profile, perpendicular to the car, the entire car centered with generous margin. Parked on dark graphite asphalt, soft overcast light with a subtle warm copper rim light along the roofline, background fading to deep charcoal. Accurate body shape, lights, wheels and proportions of this exact model year. No people, no text, no watermark, blank license plate."
6982,gen-6982.jpg,Honda,Orthia,I generacja (lifting),1999–2002,Kombi,"Photorealistic 3D render of a 1999–2002 Honda Orthia facelift station wagon, factory stock, in champagne gold metallic. Elevated drone shot from the side: camera about 30 degrees above the car, looking at the car's left side profile, perpendicular to the car, the entire car centered with generous margin. Parked on dark graphite asphalt, soft overcast light with a subtle warm copper rim light along the roofline, background fading to deep charcoal. Accurate body shape, lights, wheels and proportions of this exact model year. No people, no text, no watermark, blank license plate."
824,gen-824.jpg,Honda,Partner,I generacja,1996–2006,Kombi,"Photorealistic 3D render of a 1996–2006 Honda Partner station wagon, factory stock, in metallic silver. Elevated drone shot from the side: camera about 30 degrees above the car, looking at the car's left side profile, perpendicular to the car, the entire car centered with generous margin. Parked on dark graphite asphalt, soft overcast light with a subtle warm copper rim light along the roofline, background fading to deep charcoal. Accurate body shape, lights, wheels and proportions of this exact model year. No people, no text, no watermark, blank license plate."
823,gen-823.jpg,Honda,Partner,II generacja,2006–2010,Kombi,"Photorealistic 3D render of a 2006–2010 Honda Partner station wagon, factory stock, in dark green metallic. Elevated drone shot from the side: camera about 30 degrees above the car, looking at the car's left side profile, perpendicular to the car, the entire car centered with generous margin. Parked on dark graphite asphalt, soft overcast light with a subtle warm copper rim light along the roofline, background fading to deep charcoal. Accurate body shape, lights, wheels and proportions of this exact model year. No people, no text, no watermark, blank license plate."
826,gen-826.jpg,Honda,Passport,I generacja,1993–1997,SUV,"Photorealistic 3D render of a 1993–1997 Honda Passport SUV, factory stock, in jet black. Elevated drone shot from the side: camera about 30 degrees above the car, looking at the car's left side profile, perpendicular to the car, the entire car centered with generous margin. Parked on dark graphite asphalt, soft overcast light with a subtle warm copper rim light along the roofline, background fading to deep charcoal. Accurate body shape, lights, wheels and proportions of this exact model year. No people, no text, no watermark, blank license plate."
825,gen-825.jpg,Honda,Passport,II generacja,1997–2002,SUV,"Photorealistic 3D render of a 1997–2002 Honda Passport SUV, factory stock, in pearl white. Elevated drone shot from the side: camera about 30 degrees above the car, looking at the car's left side profile, perpendicular to the car, the entire car centered with generous margin. Parked on dark graphite asphalt, soft overcast light with a subtle warm copper rim light along the roofline, background fading to deep charcoal. Accurate body shape, lights, wheels and proportions of this exact model year. No people, no text, no watermark, blank license plate."
828,gen-828.jpg,Honda,Pilot,I generacja,2002–2006,Crossover,"Photorealistic 3D render of a 2002–2006 Honda Pilot crossover SUV, factory stock, in dark blue metallic. Elevated drone shot from the side: camera about 30 degrees above the car, looking at the car's left side profile, perpendicular to the car, the entire car centered with generous margin. Parked on dark graphite asphalt, soft overcast light with a subtle warm copper rim light along the roofline, background fading to deep charcoal. Accurate body shape, lights, wheels and proportions of this exact model year. No people, no text, no watermark, blank license plate."
6009,gen-6009.jpg,Honda,Pilot,I generacja (lifting),2006–2008,Crossover,"Photorealistic 3D render of a 2006–2008 Honda Pilot facelift crossover SUV, factory stock, in pearl white. Elevated drone shot from the side: camera about 30 degrees above the car, looking at the car's left side profile, perpendicular to the car, the entire car centered with generous margin. Parked on dark graphite asphalt, soft overcast light with a subtle warm copper rim light along the roofline, background fading to deep charcoal. Accurate body shape, lights, wheels and proportions of this exact model year. No people, no text, no watermark, blank license plate."
827,gen-827.jpg,Honda,Pilot,II generacja,2008–2011,Crossover,"Photorealistic 3D render of a 2008–2011 Honda Pilot crossover SUV, factory stock, in deep red. Elevated drone shot from the side: camera about 30 degrees above the car, looking at the car's left side profile, perpendicular to the car, the entire car centered with generous margin. Parked on dark graphite asphalt, soft overcast light with a subtle warm copper rim light along the roofline, background fading to deep charcoal. Accurate body shape, lights, wheels and proportions of this exact model year. No people, no text, no watermark, blank license plate."
6008,gen-6008.jpg,Honda,Pilot,II generacja (lifting),2011–2015,Crossover,"Photorealistic 3D render of a 2011–2015 Honda Pilot facelift crossover SUV, factory stock, in metallic silver. Elevated drone shot from the side: camera about 30 degrees above the car, looking at the car's left side profile, perpendicular to the car, the entire car centered with generous margin. Parked on dark graphite asphalt, soft overcast light with a subtle warm copper rim light along the roofline, background fading to deep charcoal. Accurate body shape, lights, wheels and proportions of this exact model year. No people, no text, no watermark, blank license plate."
6672,gen-6672.jpg,Honda,Pilot,III generacja,2015–2018,Crossover,"Photorealistic 3D render of a 2015–2018 Honda Pilot crossover SUV, factory stock, in metallic silver. Elevated drone shot from the side: camera about 30 degrees above the car, looking at the car's left side profile, perpendicular to the car, the entire car centered with generous margin. Parked on dark graphite asphalt, soft overcast light with a subtle warm copper rim light along the roofline, background fading to deep charcoal. Accurate body shape, lights, wheels and proportions of this exact model year. No people, no text, no watermark, blank license plate."
830,gen-830.jpg,Honda,Prelude,IV generacja,1991–1996,Coupe,"Photorealistic 3D render of a 1991–1996 Honda Prelude coupe, factory stock, in champagne gold metallic. Elevated drone shot from the side: camera about 30 degrees above the car, looking at the car's left side profile, perpendicular to the car, the entire car centered with generous margin. Parked on dark graphite asphalt, soft overcast light with a subtle warm copper rim light along the roofline, background fading to deep charcoal. Accurate body shape, lights, wheels and proportions of this exact model year. No people, no text, no watermark, blank license plate."
829,gen-829.jpg,Honda,Prelude,V generacja,1996–2001,Coupe,"Photorealistic 3D render of a 1996–2001 Honda Prelude coupe, factory stock, in gunmetal grey metallic. Elevated drone shot from the side: camera about 30 degrees above the car, looking at the car's left side profile, perpendicular to the car, the entire car centered with generous margin. Parked on dark graphite asphalt, soft overcast light with a subtle warm copper rim light along the roofline, background fading to deep charcoal. Accurate body shape, lights, wheels and proportions of this exact model year. No people, no text, no watermark, blank license plate."
831,gen-831.jpg,Honda,Prelude,III generacja,,Coupe,"Photorealistic 3D render of a Honda Prelude coupe, factory stock, in dark green metallic. Elevated drone shot from the side: camera about 30 degrees above the car, looking at the car's left side profile, perpendicular to the car, the entire car centered with generous margin. Parked on dark graphite asphalt, soft overcast light with a subtle warm copper rim light along the roofline, background fading to deep charcoal. Accurate body shape, lights, wheels and proportions of this exact model year. No people, no text, no watermark, blank license plate."
832,gen-832.jpg,Honda,Prelude,II generacja,,Coupe,"Photorealistic 3D render of a Honda Prelude coupe, factory stock, in metallic silver. Elevated drone shot from the side: camera about 30 degrees above the car, looking at the car's left side profile, perpendicular to the car, the entire car centered with generous margin. Parked on dark graphite asphalt, soft overcast light with a subtle warm copper rim light along the roofline, background fading to deep charcoal. Accurate body shape, lights, wheels and proportions of this exact model year. No people, no text, no watermark, blank license plate."
833,gen-833.jpg,Honda,Prelude,I generacja,,Coupe,"Photorealistic 3D render of a Honda Prelude coupe, factory stock, in pearl white. Elevated drone shot from the side: camera about 30 degrees above the car, looking at the car's left side profile, perpendicular to the car, the entire car centered with generous margin. Parked on dark graphite asphalt, soft overcast light with a subtle warm copper rim light along the roofline, background fading to deep charcoal. Accurate body shape, lights, wheels and proportions of this exact model year. No people, no text, no watermark, blank license plate."
8112,gen-8112.jpg,Honda,Rafaga,I generacja,1993–1997,Sedan,"Photorealistic 3D render of a 1993–1997 Honda Rafaga sedan, factory stock, in metallic silver. Elevated drone shot from the side: camera about 30 degrees above the car, looking at the car's left side profile, perpendicular to the car, the entire car centered with generous margin. Parked on dark graphite asphalt, soft overcast light with a subtle warm copper rim light along the roofline, background fading to deep charcoal. Accurate body shape, lights, wheels and proportions of this exact model year. No people, no text, no watermark, blank license plate."
8114,gen-8114.jpg,Honda,Ridgeline,I generacja,2006–2008,Pikap,"Photorealistic 3D render of a 2006–2008 Honda Ridgeline pickup truck, factory stock, in jet black. Elevated drone shot from the side: camera about 30 degrees above the car, looking at the car's left side profile, perpendicular to the car, the entire car centered with generous margin. Parked on dark graphite asphalt, soft overcast light with a subtle warm copper rim light along the roofline, background fading to deep charcoal. Accurate body shape, lights, wheels and proportions of this exact model year. No people, no text, no watermark, blank license plate."
8113,gen-8113.jpg,Honda,Ridgeline,I generacja (lifting),2008–2014,Pikap,"Photorealistic 3D render of a 2008–2014 Honda Ridgeline facelift pickup truck, factory stock, in pearl white. Elevated drone shot from the side: camera about 30 degrees above the car, looking at the car's left side profile, perpendicular to the car, the entire car centered with generous margin. Parked on dark graphite asphalt, soft overcast light with a subtle warm copper rim light along the roofline, background fading to deep charcoal. Accurate body shape, lights, wheels and proportions of this exact model year. No people, no text, no watermark, blank license plate."
7238,gen-7238.jpg,Honda,S-MX,I generacja,1996–2002,Minivan,"Photorealistic 3D render of a 1996–2002 Honda S-MX minivan, factory stock, in champagne gold metallic. Elevated drone shot from the side: camera about 30 degrees above the car, looking at the car's left side profile, perpendicular to the car, the entire car centered with generous margin. Parked on dark graphite asphalt, soft overcast light with a subtle warm copper rim light along the roofline, background fading to deep charcoal. Accurate body shape, lights, wheels and proportions of this exact model year. No people, no text, no watermark, blank license plate."
8116,gen-8116.jpg,Honda,S2000,AP1,1999–2003,Roadster,"Photorealistic 3D render of a 1999–2003 Honda S2000 (AP1) roadster, soft top down, factory stock, in dark blue metallic. Elevated drone shot from the side: camera about 30 degrees above the car, looking at the car's left side profile, perpendicular to the car, the entire car centered with generous margin. Parked on dark graphite asphalt, soft overcast light with a subtle warm copper rim light along the roofline, background fading to deep charcoal. Accurate body shape, lights, wheels and proportions of this exact model year. No people, no text, no watermark, blank license plate."
8115,gen-8115.jpg,Honda,S2000,AP2,2004–2009,Roadster,"Photorealistic 3D render of a 2004–2009 Honda S2000 (AP2) roadster, soft top down, factory stock, in deep red. Elevated drone shot from the side: camera about 30 degrees above the car, looking at the car's left side profile, perpendicular to the car, the entire car centered with generous margin. Parked on dark graphite asphalt, soft overcast light with a subtle warm copper rim light along the roofline, background fading to deep charcoal. Accurate body shape, lights, wheels and proportions of this exact model year. No people, no text, no watermark, blank license plate."
835,gen-835.jpg,Honda,Saber,I generacja,1995–1998,Sedan,"Photorealistic 3D render of a 1995–1998 Honda Saber sedan, factory stock, in deep red. Elevated drone shot from the side: camera about 30 degrees above the car, looking at the car's left side profile, perpendicular to the car, the entire car centered with generous margin. Parked on dark graphite asphalt, soft overcast light with a subtle warm copper rim light along the roofline, background fading to deep charcoal. Accurate body shape, lights, wheels and proportions of this exact model year. No people, no text, no watermark, blank license plate."
834,gen-834.jpg,Honda,Saber,II generacja,1998–2003,Sedan,"Photorealistic 3D render of a 1998–2003 Honda Saber sedan, factory stock, in jet black. Elevated drone shot from the side: camera about 30 degrees above the car, looking at the car's left side profile, perpendicular to the car, the entire car centered with generous margin. Parked on dark graphite asphalt, soft overcast light with a subtle warm copper rim light along the roofline, background fading to deep charcoal. Accurate body shape, lights, wheels and proportions of this exact model year. No people, no text, no watermark, blank license plate."
8117,gen-8117.jpg,Honda,Shuttle,I generacja,1994–2000,Minivan,"Photorealistic 3D render of a 1994–2000 Honda Shuttle minivan, factory stock, in gunmetal grey metallic. Elevated drone shot from the side: camera about 30 degrees above the car, looking at the car's left side profile, perpendicular to the car, the entire car centered with generous margin. Parked on dark graphite asphalt, soft overcast light with a subtle warm copper rim light along the roofline, background fading to deep charcoal. Accurate body shape, lights, wheels and proportions of this exact model year. No people, no text, no watermark, blank license plate."
839,gen-839.jpg,Honda,Stepwgn,I generacja,1996–2001,Minivan,"Photorealistic 3D render of a 1996–2001 Honda Stepwgn minivan, factory stock, in dark green metallic. Elevated drone shot from the side: camera about 30 degrees above the car, looking at the car's left side profile, perpendicular to the car, the entire car centered with generous margin. Parked on dark graphite asphalt, soft overcast light with a subtle warm copper rim light along the roofline, background fading to deep charcoal. Accurate body shape, lights, wheels and proportions of this exact model year. No people, no text, no watermark, blank license plate."
838,gen-838.jpg,Honda,Stepwgn,II generacja,2001–2005,Minivan,"Photorealistic 3D render of a 2001–2005 Honda Stepwgn minivan, factory stock, in champagne gold metallic. Elevated drone shot from the side: camera about 30 degrees above the car, looking at the car's left side profile, perpendicular to the car, the entire car centered with generous margin. Parked on dark graphite asphalt, soft overcast light with a subtle warm copper rim light along the roofline, background fading to deep charcoal. Accurate body shape, lights, wheels and proportions of this exact model year. No people, no text, no watermark, blank license plate."
837,gen-837.jpg,Honda,Stepwgn,III generacja,2005–2007,Minivan,"Photorealistic 3D render of a 2005–2007 Honda Stepwgn minivan, factory stock, in gunmetal grey metallic. Elevated drone shot from the side: camera about 30 degrees above the car, looking at the car's left side profile, perpendicular to the car, the entire car centered with generous margin. Parked on dark graphite asphalt, soft overcast light with a subtle warm copper rim light along the roofline, background fading to deep charcoal. Accurate body shape, lights, wheels and proportions of this exact model year. No people, no text, no watermark, blank license plate."
9372,gen-9372.jpg,Honda,Stepwgn,III generacja (lifting),2007–2009,Minivan,"Photorealistic 3D render of a 2007–2009 Honda Stepwgn facelift minivan, factory stock, in dark blue metallic. Elevated drone shot from the side: camera about 30 degrees above the car, looking at the car's left side profile, perpendicular to the car, the entire car centered with generous margin. Parked on dark graphite asphalt, soft overcast light with a subtle warm copper rim light along the roofline, background fading to deep charcoal. Accurate body shape, lights, wheels and proportions of this exact model year. No people, no text, no watermark, blank license plate."
836,gen-836.jpg,Honda,Stepwgn,IV generacja,2009–2012,Minivan,"Photorealistic 3D render of a 2009–2012 Honda Stepwgn minivan, factory stock, in dark blue metallic. Elevated drone shot from the side: camera about 30 degrees above the car, looking at the car's left side profile, perpendicular to the car, the entire car centered with generous margin. Parked on dark graphite asphalt, soft overcast light with a subtle warm copper rim light along the roofline, background fading to deep charcoal. Accurate body shape, lights, wheels and proportions of this exact model year. No people, no text, no watermark, blank license plate."
9371,gen-9371.jpg,Honda,Stepwgn,IV generacja (lifting),2012–2015,Minivan,"Photorealistic 3D render of a 2012–2015 Honda Stepwgn facelift minivan, factory stock, in deep red. Elevated drone shot from the side: camera about 30 degrees above the car, looking at the car's left side profile, perpendicular to the car, the entire car centered with generous margin. Parked on dark graphite asphalt, soft overcast light with a subtle warm copper rim light along the roofline, background fading to deep charcoal. Accurate body shape, lights, wheels and proportions of this exact model year. No people, no text, no watermark, blank license plate."
841,gen-841.jpg,Honda,Stream,I generacja,2000–2003,Minivan,"Photorealistic 3D render of a 2000–2003 Honda Stream minivan, factory stock, in pearl white. Elevated drone shot from the side: camera about 30 degrees above the car, looking at the car's left side profile, perpendicular to the car, the entire car centered with generous margin. Parked on dark graphite asphalt, soft overcast light with a subtle warm copper rim light along the roofline, background fading to deep charcoal. Accurate body shape, lights, wheels and proportions of this exact model year. No people, no text, no watermark, blank license plate."
6015,gen-6015.jpg,Honda,Stream,I generacja (lifting),2003–2006,Minivan,"Photorealistic 3D render of a 2003–2006 Honda Stream facelift minivan, factory stock, in dark green metallic. Elevated drone shot from the side: camera about 30 degrees above the car, looking at the car's left side profile, perpendicular to the car, the entire car centered with generous margin. Parked on dark graphite asphalt, soft overcast light with a subtle warm copper rim light along the roofline, background fading to deep charcoal. Accurate body shape, lights, wheels and proportions of this exact model year. No people, no text, no watermark, blank license plate."
840,gen-840.jpg,Honda,Stream,II generacja,2006–2009,Minivan,"Photorealistic 3D render of a 2006–2009 Honda Stream minivan, factory stock, in metallic silver. Elevated drone shot from the side: camera about 30 degrees above the car, looking at the car's left side profile, perpendicular to the car, the entire car centered with generous margin. Parked on dark graphite asphalt, soft overcast light with a subtle warm copper rim light along the roofline, background fading to deep charcoal. Accurate body shape, lights, wheels and proportions of this exact model year. No people, no text, no watermark, blank license plate."
6014,gen-6014.jpg,Honda,Stream,II generacja (lifting),2009–2014,Minivan,"Photorealistic 3D render of a 2009–2014 Honda Stream facelift minivan, factory stock, in champagne gold metallic. Elevated drone shot from the side: camera about 30 degrees above the car, looking at the car's left side profile, perpendicular to the car, the entire car centered with generous margin. Parked on dark graphite asphalt, soft overcast light with a subtle warm copper rim light along the roofline, background fading to deep charcoal. Accurate body shape, lights, wheels and proportions of this exact model year. No people, no text, no watermark, blank license plate."
8118,gen-8118.jpg,Honda,Thats,I generacja,2002–2006,Minivan,"Photorealistic 3D render of a 2002–2006 Honda Thats minivan, factory stock, in champagne gold metallic. Elevated drone shot from the side: camera about 30 degrees above the car, looking at the car's left side profile, perpendicular to the car, the entire car centered with generous margin. Parked on dark graphite asphalt, soft overcast light with a subtle warm copper rim light along the roofline, background fading to deep charcoal. Accurate body shape, lights, wheels and proportions of this exact model year. No people, no text, no watermark, blank license plate."
8119,gen-8119.jpg,Honda,Today,I generacja,1988–1996,Hatchback,"Photorealistic 3D render of a 1988–1996 Honda Today hatchback, factory stock, in dark green metallic. Elevated drone shot from the side: camera about 30 degrees above the car, looking at the car's left side profile, perpendicular to the car, the entire car centered with generous margin. Parked on dark graphite asphalt, soft overcast light with a subtle warm copper rim light along the roofline, background fading to deep charcoal. Accurate body shape, lights, wheels and proportions of this exact model year. No people, no text, no watermark, blank license plate."
8120,gen-8120.jpg,Honda,Torneo,I generacja,1997–2002,Sedan,"Photorealistic 3D render of a 1997–2002 Honda Torneo sedan, factory stock, in metallic silver. Elevated drone shot from the side: camera about 30 degrees above the car, looking at the car's left side profile, perpendicular to the car, the entire car centered with generous margin. Parked on dark graphite asphalt, soft overcast light with a subtle warm copper rim light along the roofline, background fading to deep charcoal. Accurate body shape, lights, wheels and proportions of this exact model year. No people, no text, no watermark, blank license plate."
8121,gen-8121.jpg,Honda,Vamos,HM1,1999–2001,Minivan,"Photorealistic 3D render of a 1999–2001 Honda Vamos (HM1) minivan, factory stock, in pearl white. Elevated drone shot from the side: camera about 30 degrees above the car, looking at the car's left side profile, perpendicular to the car, the entire car centered with generous margin. Parked on dark graphite asphalt, soft overcast light with a subtle warm copper rim light along the roofline, background fading to deep charcoal. Accurate body shape, lights, wheels and proportions of this exact model year. No people, no text, no watermark, blank license plate."
8122,gen-8122.jpg,Honda,Vigor,CB5,1989–1995,Sedan,"Photorealistic 3D render of a 1989–1995 Honda Vigor (CB5) sedan, factory stock, in jet black. Elevated drone shot from the side: camera about 30 degrees above the car, looking at the car's left side profile, perpendicular to the car, the entire car centered with generous margin. Parked on dark graphite asphalt, soft overcast light with a subtle warm copper rim light along the roofline, background fading to deep charcoal. Accurate body shape, lights, wheels and proportions of this exact model year. No people, no text, no watermark, blank license plate."
8123,gen-8123.jpg,Honda,Z,I generacja,1998–2002,Hatchback,"Photorealistic 3D render of a 1998–2002 Honda Z hatchback, factory stock, in deep red. Elevated drone shot from the side: camera about 30 degrees above the car, looking at the car's left side profile, perpendicular to the car, the entire car centered with generous margin. Parked on dark graphite asphalt, soft overcast light with a subtle warm copper rim light along the roofline, background fading to deep charcoal. Accurate body shape, lights, wheels and proportions of this exact model year. No people, no text, no watermark, blank license plate."
8124,gen-8124.jpg,Honda,Zest,V generacja,,Minivan,"Photorealistic 3D render of a Honda Zest minivan, factory stock, in dark blue metallic. Elevated drone shot from the side: camera about 30 degrees above the car, looking at the car's left side profile, perpendicular to the car, the entire car centered with generous margin. Parked on dark graphite asphalt, soft overcast light with a subtle warm copper rim light along the roofline, background fading to deep charcoal. Accurate body shape, lights, wheels and proportions of this exact model year. No people, no text, no watermark, blank license plate."
8161,gen-8161.jpg,Infiniti,EX-Series,I generacja,2007–2013,Crossover,"Photorealistic 3D render of a 2007–2013 Infiniti EX-Series crossover SUV, factory stock, in pearl white. Elevated drone shot from the side: camera about 30 degrees above the car, looking at the car's left side profile, perpendicular to the car, the entire car centered with generous margin. Parked on dark graphite asphalt, soft overcast light with a subtle warm copper rim light along the roofline, background fading to deep charcoal. Accurate body shape, lights, wheels and proportions of this exact model year. No people, no text, no watermark, blank license plate."
904,gen-904.jpg,Infiniti,FX-Series,I generacja,2002–2006,Crossover,"Photorealistic 3D render of a 2002–2006 Infiniti FX-Series crossover SUV, factory stock, in metallic silver. Elevated drone shot from the side: camera about 30 degrees above the car, looking at the car's left side profile, perpendicular to the car, the entire car centered with generous margin. Parked on dark graphite asphalt, soft overcast light with a subtle warm copper rim light along the roofline, background fading to deep charcoal. Accurate body shape, lights, wheels and proportions of this exact model year. No people, no text, no watermark, blank license plate."
5894,gen-5894.jpg,Infiniti,FX-Series,I generacja (lifting),2006–2008,Crossover,"Photorealistic 3D render of a 2006–2008 Infiniti FX-Series facelift crossover SUV, factory stock, in champagne gold metallic. Elevated drone shot from the side: camera about 30 degrees above the car, looking at the car's left side profile, perpendicular to the car, the entire car centered with generous margin. Parked on dark graphite asphalt, soft overcast light with a subtle warm copper rim light along the roofline, background fading to deep charcoal. Accurate body shape, lights, wheels and proportions of this exact model year. No people, no text, no watermark, blank license plate."
903,gen-903.jpg,Infiniti,FX-Series,II generacja,2008–2012,Crossover,"Photorealistic 3D render of a 2008–2012 Infiniti FX-Series crossover SUV, factory stock, in dark green metallic. Elevated drone shot from the side: camera about 30 degrees above the car, looking at the car's left side profile, perpendicular to the car, the entire car centered with generous margin. Parked on dark graphite asphalt, soft overcast light with a subtle warm copper rim light along the roofline, background fading to deep charcoal. Accurate body shape, lights, wheels and proportions of this exact model year. No people, no text, no watermark, blank license plate."
902,gen-902.jpg,Infiniti,FX-Series,II generacja (lifting),2011–2013,Crossover,"Photorealistic 3D render of a 2011–2013 Infiniti FX-Series facelift crossover SUV, factory stock, in champagne gold metallic. Elevated drone shot from the side: camera about 30 degrees above the car, looking at the car's left side profile, perpendicular to the car, the entire car centered with generous margin. Parked on dark graphite asphalt, soft overcast light with a subtle warm copper rim light along the roofline, background fading to deep charcoal. Accurate body shape, lights, wheels and proportions of this exact model year. No people, no text, no watermark, blank license plate."
9415,gen-9415.jpg,Infiniti,G-Series,I generacja,1991–1996,Sedan,"Photorealistic 3D render of a 1991–1996 Infiniti G-Series sedan, factory stock, in dark green metallic. Elevated drone shot from the side: camera about 30 degrees above the car, looking at the car's left side profile, perpendicular to the car, the entire car centered with generous margin. Parked on dark graphite asphalt, soft overcast light with a subtle warm copper rim light along the roofline, background fading to deep charcoal. Accurate body shape, lights, wheels and proportions of this exact model year. No people, no text, no watermark, blank license plate."
9414,gen-9414.jpg,Infiniti,G-Series,II generacja,1999–2002,Sedan,"Photorealistic 3D render of a 1999–2002 Infiniti G-Series sedan, factory stock, in champagne gold metallic. Elevated drone shot from the side: camera about 30 degrees above the car, looking at the car's left side profile, perpendicular to the car, the entire car centered with generous margin. Parked on dark graphite asphalt, soft overcast light with a subtle warm copper rim light along the roofline, background fading to deep charcoal. Accurate body shape, lights, wheels and proportions of this exact model year. No people, no text, no watermark, blank license plate."
9413,gen-9413.jpg,Infiniti,G-Series,III generacja,2002–2005,Coupe,"Photorealistic 3D render of a 2002–2005 Infiniti G-Series coupe, factory stock, in gunmetal grey metallic. Elevated drone shot from the side: camera about 30 degrees above the car, looking at the car's left side profile, perpendicular to the car, the entire car centered with generous margin. Parked on dark graphite asphalt, soft overcast light with a subtle warm copper rim light along the roofline, background fading to deep charcoal. Accurate body shape, lights, wheels and proportions of this exact model year. No people, no text, no watermark, blank license plate."
9412,gen-9412.jpg,Infiniti,G-Series,III generacja (lifting),2005–2006,Sedan,"Photorealistic 3D render of a 2005–2006 Infiniti G-Series facelift sedan, factory stock, in dark blue metallic. Elevated drone shot from the side: camera about 30 degrees above the car, looking at the car's left side profile, perpendicular to the car, the entire car centered with generous margin. Parked on dark graphite asphalt, soft overcast light with a subtle warm copper rim light along the roofline, background fading to deep charcoal. Accurate body shape, lights, wheels and proportions of this exact model year. No people, no text, no watermark, blank license plate."
910,gen-910.jpg,Infiniti,G-Series,IV generacja,2006–2010,Sedan,"Photorealistic 3D render of a 2006–2010 Infiniti G-Series sedan, factory stock, in champagne gold metallic. Elevated drone shot from the side: camera about 30 degrees above the car, looking at the car's left side profile, perpendicular to the car, the entire car centered with generous margin. Parked on dark graphite asphalt, soft overcast light with a subtle warm copper rim light along the roofline, background fading to deep charcoal. Accurate body shape, lights, wheels and proportions of this exact model year. No people, no text, no watermark, blank license plate."
909,gen-909.jpg,Infiniti,G-Series,IV generacja (lifting),2007–2013,Sedan,"Photorealistic 3D render of a 2007–2013 Infiniti G-Series facelift sedan, factory stock, in gunmetal grey metallic. Elevated drone shot from the side: camera about 30 degrees above the car, looking at the car's left side profile, perpendicular to the car, the entire car centered with generous margin. Parked on dark graphite asphalt, soft overcast light with a subtle warm copper rim light along the roofline, background fading to deep charcoal. Accurate body shape, lights, wheels and proportions of this exact model year. No people, no text, no watermark, blank license plate."
10284,gen-10284.jpg,Infiniti,I-Series,I generacja,1995–1999,Sedan,"Photorealistic 3D render of a 1995–1999 Infiniti I-Series sedan, factory stock, in dark blue metallic. Elevated drone shot from the side: camera about 30 degrees above the car, looking at the car's left side profile, perpendicular to the car, the entire car centered with generous margin. Parked on dark graphite asphalt, soft overcast light with a subtle warm copper rim light along the roofline, background fading to deep charcoal. Accurate body shape, lights, wheels and proportions of this exact model year. No people, no text, no watermark, blank license plate."
10934,gen-10934.jpg,Infiniti,I-Series,II generacja,1999–2002,Sedan,"Photorealistic 3D render of a 1999–2002 Infiniti I-Series sedan, factory stock, in champagne gold metallic. Elevated drone shot from the side: camera about 30 degrees above the car, looking at the car's left side profile, perpendicular to the car, the entire car centered with generous margin. Parked on dark graphite asphalt, soft overcast light with a subtle warm copper rim light along the roofline, background fading to deep charcoal. Accurate body shape, lights, wheels and proportions of this exact model year. No people, no text, no watermark, blank license plate."
10283,gen-10283.jpg,Infiniti,I-Series,II generacja (lifting),2001–2004,Sedan,"Photorealistic 3D render of a 2001–2004 Infiniti I-Series facelift sedan, factory stock, in deep red. Elevated drone shot from the side: camera about 30 degrees above the car, looking at the car's left side profile, perpendicular to the car, the entire car centered with generous margin. Parked on dark graphite asphalt, soft overcast light with a subtle warm copper rim light along the roofline, background fading to deep charcoal. Accurate body shape, lights, wheels and proportions of this exact model year. No people, no text, no watermark, blank license plate."
7242,gen-7242.jpg,Infiniti,J30,I generacja,1992–1997,Sedan,"Photorealistic 3D render of a 1992–1997 Infiniti J30 sedan, factory stock, in jet black. Elevated drone shot from the side: camera about 30 degrees above the car, looking at the car's left side profile, perpendicular to the car, the entire car centered with generous margin. Parked on dark graphite asphalt, soft overcast light with a subtle warm copper rim light along the roofline, background fading to deep charcoal. Accurate body shape, lights, wheels and proportions of this exact model year. No people, no text, no watermark, blank license plate."
8162,gen-8162.jpg,Infiniti,JX-Series,I generacja,2012–2014,Crossover,"Photorealistic 3D render of a 2012–2014 Infiniti JX-Series crossover SUV, factory stock, in jet black. Elevated drone shot from the side: camera about 30 degrees above the car, looking at the car's left side profile, perpendicular to the car, the entire car centered with generous margin. Parked on dark graphite asphalt, soft overcast light with a subtle warm copper rim light along the roofline, background fading to deep charcoal. Accurate body shape, lights, wheels and proportions of this exact model year. No people, no text, no watermark, blank license plate."
914,gen-914.jpg,Infiniti,M-Series,F31,1989–1992,Kabriolet,"Photorealistic 3D render of a 1989–1992 Infiniti M-Series (F31) convertible, roof down, factory stock, in jet black. Elevated drone shot from the side: camera about 30 degrees above the car, looking at the car's left side profile, perpendicular to the car, the entire car centered with generous margin. Parked on dark graphite asphalt, soft overcast light with a subtle warm copper rim light along the roofline, background fading to deep charcoal. Accurate body shape, lights, wheels and proportions of this exact model year. No people, no text, no watermark, blank license plate."
913,gen-913.jpg,Infiniti,M-Series,Y34,2002–2005,Sedan,"Photorealistic 3D render of a 2002–2005 Infiniti M-Series (Y34) sedan, factory stock, in pearl white. Elevated drone shot from the side: camera about 30 degrees above the car, looking at the car's left side profile, perpendicular to the car, the entire car centered with generous margin. Parked on dark graphite asphalt, soft overcast light with a subtle warm copper rim light along the roofline, background fading to deep charcoal. Accurate body shape, lights, wheels and proportions of this exact model year. No people, no text, no watermark, blank license plate."
912,gen-912.jpg,Infiniti,M-Series,Y50,2004–2008,Sedan,"Photorealistic 3D render of a 2004–2008 Infiniti M-Series (Y50) sedan, factory stock, in metallic silver. Elevated drone shot from the side: camera about 30 degrees above the car, looking at the car's left side profile, perpendicular to the car, the entire car centered with generous margin. Parked on dark graphite asphalt, soft overcast light with a subtle warm copper rim light along the roofline, background fading to deep charcoal. Accurate body shape, lights, wheels and proportions of this exact model year. No people, no text, no watermark, blank license plate."
5895,gen-5895.jpg,Infiniti,M-Series,Y50 (lifting),2006–2010,Sedan,"Photorealistic 3D render of a 2006–2010 Infiniti M-Series (Y50) facelift sedan, factory stock, in dark green metallic. Elevated drone shot from the side: camera about 30 degrees above the car, looking at the car's left side profile, perpendicular to the car, the entire car centered with generous margin. Parked on dark graphite asphalt, soft overcast light with a subtle warm copper rim light along the roofline, background fading to deep charcoal. Accurate body shape, lights, wheels and proportions of this exact model year. No people, no text, no watermark, blank license plate."
911,gen-911.jpg,Infiniti,M-Series,Y51,2010–2013,Sedan,"Photorealistic 3D render of a 2010–2013 Infiniti M-Series (Y51) sedan, factory stock, in dark green metallic. Elevated drone shot from the side: camera about 30 degrees above the car, looking at the car's left side profile, perpendicular to the car, the entire car centered with generous margin. Parked on dark graphite asphalt, soft overcast light with a subtle warm copper rim light along the roofline, background fading to deep charcoal. Accurate body shape, lights, wheels and proportions of this exact model year. No people, no text, no watermark, blank license plate."
8956,gen-8956.jpg,Infiniti,Q30,I generacja,2016–2018,Hatchback,"Photorealistic 3D render of a 2016–2018 Infiniti Q30 hatchback, factory stock, in dark blue metallic. Elevated drone shot from the side: camera about 30 degrees above the car, looking at the car's left side profile, perpendicular to the car, the entire car centered with generous margin. Parked on dark graphite asphalt, soft overcast light with a subtle warm copper rim light along the roofline, background fading to deep charcoal. Accurate body shape, lights, wheels and proportions of this exact model year. No people, no text, no watermark, blank license plate."
917,gen-917.jpg,Infiniti,Q45,I generacja,1989–1996,Sedan,"Photorealistic 3D render of a 1989–1996 Infiniti Q45 sedan, factory stock, in gunmetal grey metallic. Elevated drone shot from the side: camera about 30 degrees above the car, looking at the car's left side profile, perpendicular to the car, the entire car centered with generous margin. Parked on dark graphite asphalt, soft overcast light with a subtle warm copper rim light along the roofline, background fading to deep charcoal. Accurate body shape, lights, wheels and proportions of this exact model year. No people, no text, no watermark, blank license plate."
916,gen-916.jpg,Infiniti,Q45,II generacja,1996–2001,Sedan,"Photorealistic 3D render of a 1996–2001 Infiniti Q45 sedan, factory stock, in dark blue metallic. Elevated drone shot from the side: camera about 30 degrees above the car, looking at the car's left side profile, perpendicular to the car, the entire car centered with generous margin. Parked on dark graphite asphalt, soft overcast light with a subtle warm copper rim light along the roofline, background fading to deep charcoal. Accurate body shape, lights, wheels and proportions of this exact model year. No people, no text, no watermark, blank license plate."
915,gen-915.jpg,Infiniti,Q45,III generacja,2001–2006,Sedan,"Photorealistic 3D render of a 2001–2006 Infiniti Q45 sedan, factory stock, in deep red. Elevated drone shot from the side: camera about 30 degrees above the car, looking at the car's left side profile, perpendicular to the car, the entire car centered with generous margin. Parked on dark graphite asphalt, soft overcast light with a subtle warm copper rim light along the roofline, background fading to deep charcoal. Accurate body shape, lights, wheels and proportions of this exact model year. No people, no text, no watermark, blank license plate."
8163,gen-8163.jpg,Infiniti,Q50,I generacja,2013–2018,Sedan,"Photorealistic 3D render of a 2013–2018 Infiniti Q50 sedan, factory stock, in deep red. Elevated drone shot from the side: camera about 30 degrees above the car, looking at the car's left side profile, perpendicular to the car, the entire car centered with generous margin. Parked on dark graphite asphalt, soft overcast light with a subtle warm copper rim light along the roofline, background fading to deep charcoal. Accurate body shape, lights, wheels and proportions of this exact model year. No people, no text, no watermark, blank license plate."
10975,gen-10975.jpg,Infiniti,Q50,I generacja (lifting),2017–2018,Sedan,"Photorealistic 3D render of a 2017–2018 Infiniti Q50 facelift sedan, factory stock, in dark green metallic. Elevated drone shot from the side: camera about 30 degrees above the car, looking at the car's left side profile, perpendicular to the car, the entire car centered with generous margin. Parked on dark graphite asphalt, soft overcast light with a subtle warm copper rim light along the roofline, background fading to deep charcoal. Accurate body shape, lights, wheels and proportions of this exact model year. No people, no text, no watermark, blank license plate."
6987,gen-6987.jpg,Infiniti,Q60,CV36,2013–2015,Coupe,"Photorealistic 3D render of a 2013–2015 Infiniti Q60 (CV36) coupe, factory stock, in deep red. Elevated drone shot from the side: camera about 30 degrees above the car, looking at the car's left side profile, perpendicular to the car, the entire car centered with generous margin. Parked on dark graphite asphalt, soft overcast light with a subtle warm copper rim light along the roofline, background fading to deep charcoal. Accurate body shape, lights, wheels and proportions of this exact model year. No people, no text, no watermark, blank license plate."
5622,gen-5622.jpg,Infiniti,Q60,CV37,2016–2018,Coupe,"Photorealistic 3D render of a 2016–2018 Infiniti Q60 (CV37) coupe, factory stock, in champagne gold metallic. Elevated drone shot from the side: camera about 30 degrees above the car, looking at the car's left side profile, perpendicular to the car, the entire car centered with generous margin. Parked on dark graphite asphalt, soft overcast light with a subtle warm copper rim light along the roofline, background fading to deep charcoal. Accurate body shape, lights, wheels and proportions of this exact model year. No people, no text, no watermark, blank license plate."
6800,gen-6800.jpg,Infiniti,Q70,Y51,2013–2015,Sedan,"Photorealistic 3D render of a 2013–2015 Infiniti Q70 (Y51) sedan, factory stock, in metallic silver. Elevated drone shot from the side: camera about 30 degrees above the car, looking at the car's left side profile, perpendicular to the car, the entire car centered with generous margin. Parked on dark graphite asphalt, soft overcast light with a subtle warm copper rim light along the roofline, background fading to deep charcoal. Accurate body shape, lights, wheels and proportions of this exact model year. No people, no text, no watermark, blank license plate."
6801,gen-6801.jpg,Infiniti,Q70,Y51 (lifting),2014–2018,Sedan,"Photorealistic 3D render of a 2014–2018 Infiniti Q70 (Y51) facelift sedan, factory stock, in pearl white. Elevated drone shot from the side: camera about 30 degrees above the car, looking at the car's left side profile, perpendicular to the car, the entire car centered with generous margin. Parked on dark graphite asphalt, soft overcast light with a subtle warm copper rim light along the roofline, background fading to deep charcoal. Accurate body shape, lights, wheels and proportions of this exact model year. No people, no text, no watermark, blank license plate."
9420,gen-9420.jpg,Infiniti,QX-Series,I generacja,1997–2001,SUV,"Photorealistic 3D render of a 1997–2001 Infiniti QX-Series SUV, factory stock, in dark blue metallic. Elevated drone shot from the side: camera about 30 degrees above the car, looking at the car's left side profile, perpendicular to the car, the entire car centered with generous margin. Parked on dark graphite asphalt, soft overcast light with a subtle warm copper rim light along the roofline, background fading to deep charcoal. Accurate body shape, lights, wheels and proportions of this exact model year. No people, no text, no watermark, blank license plate."
9419,gen-9419.jpg,Infiniti,QX-Series,I generacja (lifting),2001–2003,SUV,"Photorealistic 3D render of a 2001–2003 Infiniti QX-Series facelift SUV, factory stock, in deep red. Elevated drone shot from the side: camera about 30 degrees above the car, looking at the car's left side profile, perpendicular to the car, the entire car centered with generous margin. Parked on dark graphite asphalt, soft overcast light with a subtle warm copper rim light along the roofline, background fading to deep charcoal. Accurate body shape, lights, wheels and proportions of this exact model year. No people, no text, no watermark, blank license plate."
9418,gen-9418.jpg,Infiniti,QX-Series,II generacja,2004–2010,SUV,"Photorealistic 3D render of a 2004–2010 Infiniti QX-Series SUV, factory stock, in jet black. Elevated drone shot from the side: camera about 30 degrees above the car, looking at the car's left side profile, perpendicular to the car, the entire car centered with generous margin. Parked on dark graphite asphalt, soft overcast light with a subtle warm copper rim light along the roofline, background fading to deep charcoal. Accurate body shape, lights, wheels and proportions of this exact model year. No people, no text, no watermark, blank license plate."
920,gen-920.jpg,Infiniti,QX-Series,III generacja,2010–2013,SUV,"Photorealistic 3D render of a 2010–2013 Infiniti QX-Series SUV, factory stock, in metallic silver. Elevated drone shot from the side: camera about 30 degrees above the car, looking at the car's left side profile, perpendicular to the car, the entire car centered with generous margin. Parked on dark graphite asphalt, soft overcast light with a subtle warm copper rim light along the roofline, background fading to deep charcoal. Accurate body shape, lights, wheels and proportions of this exact model year. No people, no text, no watermark, blank license plate."
9004,gen-9004.jpg,Infiniti,QX30,I generacja,2016–2018,Crossover,"Photorealistic 3D render of a 2016–2018 Infiniti QX30 crossover SUV, factory stock, in dark blue metallic. Elevated drone shot from the side: camera about 30 degrees above the car, looking at the car's left side profile, perpendicular to the car, the entire car centered with generous margin. Parked on dark graphite asphalt, soft overcast light with a subtle warm copper rim light along the roofline, background fading to deep charcoal. Accurate body shape, lights, wheels and proportions of this exact model year. No people, no text, no watermark, blank license plate."
9421,gen-9421.jpg,Infiniti,QX50,J50,2013–2015,Crossover,"Photorealistic 3D render of a 2013–2015 Infiniti QX50 (J50) crossover SUV, factory stock, in gunmetal grey metallic. Elevated drone shot from the side: camera about 30 degrees above the car, looking at the car's left side profile, perpendicular to the car, the entire car centered with generous margin. Parked on dark graphite asphalt, soft overcast light with a subtle warm copper rim light along the roofline, background fading to deep charcoal. Accurate body shape, lights, wheels and proportions of this exact model year. No people, no text, no watermark, blank license plate."
10713,gen-10713.jpg,Infiniti,QX50,J50 (lifting),2016–2018,Crossover,"Photorealistic 3D render of a 2016–2018 Infiniti QX50 (J50) facelift crossover SUV, factory stock, in pearl white. Elevated drone shot from the side: camera about 30 degrees above the car, looking at the car's left side profile, perpendicular to the car, the entire car centered with generous margin. Parked on dark graphite asphalt, soft overcast light with a subtle warm copper rim light along the roofline, background fading to deep charcoal. Accurate body shape, lights, wheels and proportions of this exact model year. No people, no text, no watermark, blank license plate."
10976,gen-10976.jpg,Infiniti,QX50,II generacja,2017–2018,Crossover,"Photorealistic 3D render of a 2017–2018 Infiniti QX50 crossover SUV, factory stock, in metallic silver. Elevated drone shot from the side: camera about 30 degrees above the car, looking at the car's left side profile, perpendicular to the car, the entire car centered with generous margin. Parked on dark graphite asphalt, soft overcast light with a subtle warm copper rim light along the roofline, background fading to deep charcoal. Accurate body shape, lights, wheels and proportions of this exact model year. No people, no text, no watermark, blank license plate."
9422,gen-9422.jpg,Infiniti,QX60,L50,2013–2016,Crossover,"Photorealistic 3D render of a 2013–2016 Infiniti QX60 (L50) crossover SUV, factory stock, in champagne gold metallic. Elevated drone shot from the side: camera about 30 degrees above the car, looking at the car's left side profile, perpendicular to the car, the entire car centered with generous margin. Parked on dark graphite asphalt, soft overcast light with a subtle warm copper rim light along the roofline, background fading to deep charcoal. Accurate body shape, lights, wheels and proportions of this exact model year. No people, no text, no watermark, blank license plate."
8164,gen-8164.jpg,Infiniti,QX60,L50 (lifting),2016–2018,Crossover,"Photorealistic 3D render of a 2016–2018 Infiniti QX60 (L50) facelift crossover SUV, factory stock, in dark blue metallic. Elevated drone shot from the side: camera about 30 degrees above the car, looking at the car's left side profile, perpendicular to the car, the entire car centered with generous margin. Parked on dark graphite asphalt, soft overcast light with a subtle warm copper rim light along the roofline, background fading to deep charcoal. Accurate body shape, lights, wheels and proportions of this exact model year. No people, no text, no watermark, blank license plate."
8166,gen-8166.jpg,Infiniti,QX70,S51,2013–2018,Crossover,"Photorealistic 3D render of a 2013–2018 Infiniti QX70 (S51) crossover SUV, factory stock, in champagne gold metallic. Elevated drone shot from the side: camera about 30 degrees above the car, looking at the car's left side profile, perpendicular to the car, the entire car centered with generous margin. Parked on dark graphite asphalt, soft overcast light with a subtle warm copper rim light along the roofline, background fading to deep charcoal. Accurate body shape, lights, wheels and proportions of this exact model year. No people, no text, no watermark, blank license plate."
922,gen-922.jpg,Infiniti,QX80,Z62,2013–2014,SUV,"Photorealistic 3D render of a 2013–2014 Infiniti QX80 (Z62) SUV, factory stock, in jet black. Elevated drone shot from the side: camera about 30 degrees above the car, looking at the car's left side profile, perpendicular to the car, the entire car centered with generous margin. Parked on dark graphite asphalt, soft overcast light with a subtle warm copper rim light along the roofline, background fading to deep charcoal. Accurate body shape, lights, wheels and proportions of this exact model year. No people, no text, no watermark, blank license plate."
921,gen-921.jpg,Infiniti,QX80,Z62 (lifting),2014–2018,SUV,"Photorealistic 3D render of a 2014–2018 Infiniti QX80 (Z62) facelift SUV, factory stock, in pearl white. Elevated drone shot from the side: camera about 30 degrees above the car, looking at the car's left side profile, perpendicular to the car, the entire car centered with generous margin. Parked on dark graphite asphalt, soft overcast light with a subtle warm copper rim light along the roofline, background fading to deep charcoal. Accurate body shape, lights, wheels and proportions of this exact model year. No people, no text, no watermark, blank license plate."
10950,gen-10950.jpg,Infiniti,QX80,Z62 (2. lifting),2017–2018,SUV,"Photorealistic 3D render of a 2017–2018 Infiniti QX80 (Z62) facelift SUV, factory stock, in champagne gold metallic. Elevated drone shot from the side: camera about 30 degrees above the car, looking at the car's left side profile, perpendicular to the car, the entire car centered with generous margin. Parked on dark graphite asphalt, soft overcast light with a subtle warm copper rim light along the roofline, background fading to deep charcoal. Accurate body shape, lights, wheels and proportions of this exact model year. No people, no text, no watermark, blank license plate."
